{
  "type": "FeatureCollection",
  "features": [
    {
      "type": "Feature",
      "properties": {
        "id": "red-line",
        "name": "Red Line",
        "color": "#E31E24"
      },
      "geometry": {
        "type": "LineString",
        "coordinates": [
          [
            77.107161,
            28.720788
          ],
          [
            77.107876,
            28.72018
          ],
          [
            77.108506,
            28.719725
          ],
          [
            77.114492,
            28.715575
          ],
          [
            77.115387,
            28.714951
          ],
          [
            77.117003,
            28.713839
          ],
          [
            77.125154,
            28.708197
          ],
          [
            77.126022,
            28.707597
          ],
          [
            77.126679,
            28.707133
          ],
          [
            77.129091,
            28.705431
          ],
          [
            77.13163,
            28.703667
          ],
          [
            77.132261,
            28.703281
          ],
          [
            77.13319,
            28.702591
          ],
          [
            77.137748,
            28.699513
          ],
          [
            77.138659,
            28.69896
          ],
          [
            77.139197,
            28.69867
          ],
          [
            77.139704,
            28.698442
          ],
          [
            77.140554,
            28.698068
          ],
          [
            77.141467,
            28.697667
          ],
          [
            77.145382,
            28.695985
          ],
          [
            77.146127,
            28.695652
          ],
          [
            77.146662,
            28.695435
          ],
          [
            77.147198,
            28.695252
          ],
          [
            77.147676,
            28.695102
          ],
          [
            77.148166,
            28.694977
          ],
          [
            77.14851,
            28.694922
          ],
          [
            77.14885,
            28.694899
          ],
          [
            77.14893,
            28.6949
          ],
          [
            77.149344,
            28.694908
          ],
          [
            77.149649,
            28.694931
          ],
          [
            77.150068,
            28.695004
          ],
          [
            77.15044,
            28.695098
          ],
          [
            77.15102,
            28.69533
          ],
          [
            77.15155,
            28.695608
          ],
          [
            77.151718,
            28.695693
          ],
          [
            77.151721,
            28.695695
          ],
          [
            77.152133,
            28.695905
          ],
          [
            77.152467,
            28.696076
          ],
          [
            77.15338,
            28.696532
          ],
          [
            77.153444,
            28.696564
          ],
          [
            77.153978,
            28.696825
          ],
          [
            77.154324,
            28.69696
          ],
          [
            77.154598,
            28.697048
          ],
          [
            77.154899,
            28.697113
          ],
          [
            77.155187,
            28.69715
          ],
          [
            77.155436,
            28.697153
          ],
          [
            77.155734,
            28.697153
          ],
          [
            77.156019,
            28.69711
          ],
          [
            77.156307,
            28.697055
          ],
          [
            77.15658,
            28.696972
          ],
          [
            77.156811,
            28.696876
          ],
          [
            77.157084,
            28.696741
          ],
          [
            77.157307,
            28.696622
          ],
          [
            77.157536,
            28.696471
          ],
          [
            77.157724,
            28.69633
          ],
          [
            77.157904,
            28.696158
          ],
          [
            77.158111,
            28.695929
          ],
          [
            77.158274,
            28.695705
          ],
          [
            77.158417,
            28.695435
          ],
          [
            77.158929,
            28.694358
          ],
          [
            77.159905,
            28.692348
          ],
          [
            77.160427,
            28.691338
          ],
          [
            77.160579,
            28.691032
          ],
          [
            77.160961,
            28.690458
          ],
          [
            77.161112,
            28.690228
          ],
          [
            77.161385,
            28.689643
          ],
          [
            77.161558,
            28.689295
          ],
          [
            77.161716,
            28.688938
          ],
          [
            77.161963,
            28.68842
          ],
          [
            77.162132,
            28.688066
          ],
          [
            77.163593,
            28.685007
          ],
          [
            77.164211,
            28.68371
          ],
          [
            77.164807,
            28.682418
          ],
          [
            77.165182,
            28.68163
          ],
          [
            77.165868,
            28.680186
          ],
          [
            77.166557,
            28.678767
          ],
          [
            77.166699,
            28.678478
          ],
          [
            77.167025,
            28.677952
          ],
          [
            77.167385,
            28.677341
          ],
          [
            77.168662,
            28.675297
          ],
          [
            77.170371,
            28.673612
          ],
          [
            77.171433,
            28.672843
          ],
          [
            77.172138,
            28.672451
          ],
          [
            77.172933,
            28.672096
          ],
          [
            77.173611,
            28.671798
          ],
          [
            77.174165,
            28.67159
          ],
          [
            77.174838,
            28.671448
          ],
          [
            77.176767,
            28.671062
          ],
          [
            77.180806,
            28.670259
          ],
          [
            77.181388,
            28.670178
          ],
          [
            77.181861,
            28.67012
          ],
          [
            77.182772,
            28.670062
          ],
          [
            77.18539,
            28.669933
          ],
          [
            77.18701,
            28.669827
          ],
          [
            77.188417,
            28.66954
          ],
          [
            77.194401,
            28.667905
          ],
          [
            77.197713,
            28.667032
          ],
          [
            77.198906,
            28.666746
          ],
          [
            77.199411,
            28.666608
          ],
          [
            77.201646,
            28.665999
          ],
          [
            77.202572,
            28.665746
          ],
          [
            77.203387,
            28.665724
          ],
          [
            77.203938,
            28.665768
          ],
          [
            77.204643,
            28.665947
          ],
          [
            77.205581,
            28.666226
          ],
          [
            77.206104,
            28.666303
          ],
          [
            77.20741,
            28.666436
          ],
          [
            77.208356,
            28.666611
          ],
          [
            77.209331,
            28.666871
          ],
          [
            77.209927,
            28.667127
          ],
          [
            77.210537,
            28.667404
          ],
          [
            77.211033,
            28.667624
          ],
          [
            77.211486,
            28.667732
          ],
          [
            77.211894,
            28.667824
          ],
          [
            77.212148,
            28.667852
          ],
          [
            77.212447,
            28.667863
          ],
          [
            77.212891,
            28.667854
          ],
          [
            77.213225,
            28.667801
          ],
          [
            77.213922,
            28.667671
          ],
          [
            77.21564,
            28.667326
          ],
          [
            77.216635,
            28.667192
          ],
          [
            77.21761,
            28.66709
          ],
          [
            77.218454,
            28.667013
          ],
          [
            77.219381,
            28.666967
          ],
          [
            77.219817,
            28.666989
          ],
          [
            77.220186,
            28.667051
          ],
          [
            77.223059,
            28.667727
          ],
          [
            77.223383,
            28.667777
          ],
          [
            77.223676,
            28.667815
          ],
          [
            77.224137,
            28.667826
          ],
          [
            77.224616,
            28.667801
          ],
          [
            77.225536,
            28.667681
          ],
          [
            77.226435,
            28.667551
          ],
          [
            77.227144,
            28.667482
          ],
          [
            77.228247,
            28.667478
          ],
          [
            77.228864,
            28.667525
          ],
          [
            77.229388,
            28.667587
          ],
          [
            77.229782,
            28.667651
          ],
          [
            77.230058,
            28.667708
          ],
          [
            77.230486,
            28.66785
          ],
          [
            77.2309,
            28.668024
          ],
          [
            77.231303,
            28.668227
          ],
          [
            77.231714,
            28.668437
          ],
          [
            77.232132,
            28.668625
          ],
          [
            77.232485,
            28.66874
          ],
          [
            77.233419,
            28.669017
          ],
          [
            77.234174,
            28.669304
          ],
          [
            77.238913,
            28.671105
          ],
          [
            77.239305,
            28.671254
          ],
          [
            77.240071,
            28.67154
          ],
          [
            77.240292,
            28.67162
          ],
          [
            77.240584,
            28.671711
          ],
          [
            77.240845,
            28.671774
          ],
          [
            77.241112,
            28.671814
          ],
          [
            77.241384,
            28.671834
          ],
          [
            77.241656,
            28.671836
          ],
          [
            77.24193,
            28.671812
          ],
          [
            77.242251,
            28.67176
          ],
          [
            77.242484,
            28.6717
          ],
          [
            77.242716,
            28.671623
          ],
          [
            77.24297,
            28.671522
          ],
          [
            77.243221,
            28.671409
          ],
          [
            77.24465,
            28.670681
          ],
          [
            77.245447,
            28.670237
          ],
          [
            77.245733,
            28.670095
          ],
          [
            77.246032,
            28.669974
          ],
          [
            77.246753,
            28.669715
          ],
          [
            77.250539,
            28.668455
          ],
          [
            77.251485,
            28.668155
          ],
          [
            77.25254,
            28.667807
          ],
          [
            77.252599,
            28.667788
          ],
          [
            77.253372,
            28.667533
          ],
          [
            77.253982,
            28.667335
          ],
          [
            77.254412,
            28.667241
          ],
          [
            77.254527,
            28.667226
          ],
          [
            77.254814,
            28.667187
          ],
          [
            77.25524,
            28.66715
          ],
          [
            77.255868,
            28.66719
          ],
          [
            77.256364,
            28.667273
          ],
          [
            77.256864,
            28.667413
          ],
          [
            77.259095,
            28.668035
          ],
          [
            77.260684,
            28.668477
          ],
          [
            77.263533,
            28.669228
          ],
          [
            77.265236,
            28.669645
          ],
          [
            77.265641,
            28.669719
          ],
          [
            77.265752,
            28.669739
          ],
          [
            77.266763,
            28.669917
          ],
          [
            77.267991,
            28.67013
          ],
          [
            77.26962,
            28.670316
          ],
          [
            77.270176,
            28.670415
          ],
          [
            77.274645,
            28.671205
          ],
          [
            77.276023,
            28.671523
          ],
          [
            77.277815,
            28.671862
          ],
          [
            77.280015,
            28.672188
          ],
          [
            77.281094,
            28.672336
          ],
          [
            77.283662,
            28.672774
          ],
          [
            77.285637,
            28.672983
          ],
          [
            77.287754,
            28.673214
          ],
          [
            77.288096,
            28.673254
          ],
          [
            77.289882,
            28.67346
          ],
          [
            77.291176,
            28.673641
          ],
          [
            77.293355,
            28.673873
          ],
          [
            77.294666,
            28.674007
          ],
          [
            77.296656,
            28.674287
          ],
          [
            77.296882,
            28.674361
          ],
          [
            77.297325,
            28.674543
          ],
          [
            77.297763,
            28.674763
          ],
          [
            77.298544,
            28.675154
          ],
          [
            77.298897,
            28.675271
          ],
          [
            77.299197,
            28.67535
          ],
          [
            77.299476,
            28.67539
          ],
          [
            77.299744,
            28.675413
          ],
          [
            77.300869,
            28.675415
          ],
          [
            77.302596,
            28.675421
          ],
          [
            77.303553,
            28.675505
          ],
          [
            77.305119,
            28.675578
          ],
          [
            77.308463,
            28.675736
          ],
          [
            77.309871,
            28.675709
          ],
          [
            77.312394,
            28.675751
          ],
          [
            77.31543,
            28.675865
          ],
          [
            77.316037,
            28.675918
          ],
          [
            77.31681,
            28.676004
          ],
          [
            77.317249,
            28.676042
          ],
          [
            77.317772,
            28.67606
          ],
          [
            77.318622,
            28.67604
          ],
          [
            77.320176,
            28.675917
          ],
          [
            77.320733,
            28.675896
          ],
          [
            77.321514,
            28.675885
          ],
          [
            77.322372,
            28.675923
          ],
          [
            77.323382,
            28.676014
          ],
          [
            77.325348,
            28.676193
          ],
          [
            77.327107,
            28.676451
          ],
          [
            77.327907,
            28.676502
          ],
          [
            77.330621,
            28.676597
          ],
          [
            77.331923,
            28.676627
          ],
          [
            77.332413,
            28.676648
          ],
          [
            77.333915,
            28.676691
          ],
          [
            77.33746,
            28.676792
          ],
          [
            77.340905,
            28.67692
          ],
          [
            77.344266,
            28.677006
          ],
          [
            77.345869,
            28.677066
          ],
          [
            77.346032,
            28.677095
          ],
          [
            77.346863,
            28.677119
          ],
          [
            77.347784,
            28.677171
          ],
          [
            77.348162,
            28.677176
          ],
          [
            77.355306,
            28.677489
          ],
          [
            77.358138,
            28.677641
          ],
          [
            77.362459,
            28.677872
          ],
          [
            77.365617,
            28.67803
          ],
          [
            77.36899,
            28.678174
          ],
          [
            77.370485,
            28.678239
          ],
          [
            77.372341,
            28.678318
          ],
          [
            77.375259,
            28.678465
          ],
          [
            77.379023,
            28.678632
          ],
          [
            77.380293,
            28.678693
          ],
          [
            77.380967,
            28.678693
          ],
          [
            77.383902,
            28.678563
          ],
          [
            77.385243,
            28.678504
          ],
          [
            77.386227,
            28.678437
          ],
          [
            77.386725,
            28.678367
          ],
          [
            77.387271,
            28.678253
          ],
          [
            77.388135,
            28.678022
          ],
          [
            77.389229,
            28.677742
          ],
          [
            77.391894,
            28.677027
          ],
          [
            77.393239,
            28.676667
          ],
          [
            77.395929,
            28.675946
          ],
          [
            77.398488,
            28.675283
          ],
          [
            77.399256,
            28.675154
          ],
          [
            77.400287,
            28.675069
          ],
          [
            77.400858,
            28.674995
          ],
          [
            77.401832,
            28.674771
          ],
          [
            77.406548,
            28.673456
          ],
          [
            77.407259,
            28.673215
          ],
          [
            77.407712,
            28.673016
          ],
          [
            77.408989,
            28.67247
          ],
          [
            77.410694,
            28.671993
          ],
          [
            77.411253,
            28.671843
          ],
          [
            77.412662,
            28.671455
          ],
          [
            77.413744,
            28.671177
          ],
          [
            77.414739,
            28.67092
          ],
          [
            77.41539,
            28.670706
          ]
        ]
      }
    },
    {
      "type": "Feature",
      "properties": {
        "id": "yellow-line",
        "name": "Yellow Line",
        "color": "#FFD200"
      },
      "geometry": {
        "type": "LineString",
        "coordinates": [
          [
            77.138299,
            28.744639
          ],
          [
            77.138898,
            28.743995
          ],
          [
            77.139089,
            28.743788
          ],
          [
            77.140299,
            28.742482
          ],
          [
            77.14048,
            28.742274
          ],
          [
            77.14064,
            28.74207
          ],
          [
            77.140757,
            28.741865
          ],
          [
            77.14084,
            28.741712
          ],
          [
            77.140931,
            28.741494
          ],
          [
            77.141035,
            28.741111
          ],
          [
            77.141072,
            28.740872
          ],
          [
            77.141082,
            28.7407
          ],
          [
            77.141074,
            28.740469
          ],
          [
            77.141062,
            28.740327
          ],
          [
            77.141042,
            28.740202
          ],
          [
            77.14101,
            28.740046
          ],
          [
            77.140958,
            28.739868
          ],
          [
            77.140839,
            28.739584
          ],
          [
            77.140738,
            28.7394
          ],
          [
            77.140649,
            28.739257
          ],
          [
            77.140523,
            28.739084
          ],
          [
            77.140332,
            28.738862
          ],
          [
            77.139864,
            28.738344
          ],
          [
            77.138743,
            28.7371
          ],
          [
            77.138561,
            28.736853
          ],
          [
            77.138484,
            28.736735
          ],
          [
            77.138376,
            28.736544
          ],
          [
            77.138265,
            28.736296
          ],
          [
            77.138181,
            28.736039
          ],
          [
            77.138141,
            28.735855
          ],
          [
            77.13812,
            28.735711
          ],
          [
            77.138114,
            28.735447
          ],
          [
            77.138118,
            28.735289
          ],
          [
            77.13813,
            28.735161
          ],
          [
            77.138148,
            28.735005
          ],
          [
            77.138179,
            28.73486
          ],
          [
            77.138219,
            28.734715
          ],
          [
            77.13829,
            28.734515
          ],
          [
            77.138377,
            28.734324
          ],
          [
            77.138498,
            28.734119
          ],
          [
            77.138644,
            28.733919
          ],
          [
            77.138777,
            28.733752
          ],
          [
            77.140483,
            28.731936
          ],
          [
            77.140757,
            28.731686
          ],
          [
            77.141028,
            28.731469
          ],
          [
            77.141479,
            28.731145
          ],
          [
            77.144587,
            28.72928
          ],
          [
            77.144829,
            28.729156
          ],
          [
            77.145117,
            28.729041
          ],
          [
            77.145395,
            28.728962
          ],
          [
            77.14574,
            28.728891
          ],
          [
            77.14598,
            28.728865
          ],
          [
            77.146324,
            28.728859
          ],
          [
            77.146646,
            28.728876
          ],
          [
            77.146938,
            28.728923
          ],
          [
            77.147189,
            28.728987
          ],
          [
            77.147405,
            28.729062
          ],
          [
            77.147676,
            28.729174
          ],
          [
            77.147933,
            28.729311
          ],
          [
            77.148872,
            28.729917
          ],
          [
            77.150354,
            28.7309
          ],
          [
            77.151453,
            28.731658
          ],
          [
            77.151897,
            28.731931
          ],
          [
            77.152398,
            28.732238
          ],
          [
            77.152996,
            28.73249
          ],
          [
            77.153305,
            28.732567
          ],
          [
            77.153588,
            28.732615
          ],
          [
            77.153938,
            28.732647
          ],
          [
            77.154293,
            28.732635
          ],
          [
            77.154846,
            28.732587
          ],
          [
            77.155387,
            28.732463
          ],
          [
            77.156761,
            28.732145
          ],
          [
            77.157298,
            28.732039
          ],
          [
            77.157767,
            28.731856
          ],
          [
            77.158145,
            28.731656
          ],
          [
            77.158557,
            28.731369
          ],
          [
            77.158891,
            28.73103
          ],
          [
            77.159146,
            28.730681
          ],
          [
            77.159637,
            28.730011
          ],
          [
            77.161027,
            28.728175
          ],
          [
            77.162683,
            28.725987
          ],
          [
            77.16509,
            28.7227
          ],
          [
            77.165829,
            28.721814
          ],
          [
            77.166948,
            28.720636
          ],
          [
            77.169802,
            28.717315
          ],
          [
            77.170139,
            28.71694
          ],
          [
            77.170447,
            28.716598
          ],
          [
            77.170702,
            28.71631
          ],
          [
            77.175949,
            28.710386
          ],
          [
            77.177842,
            28.708263
          ],
          [
            77.178236,
            28.707985
          ],
          [
            77.17864,
            28.707745
          ],
          [
            77.179245,
            28.707461
          ],
          [
            77.179603,
            28.707333
          ],
          [
            77.180383,
            28.707069
          ],
          [
            77.181497,
            28.706678
          ],
          [
            77.182017,
            28.706521
          ],
          [
            77.182276,
            28.706457
          ],
          [
            77.182496,
            28.706412
          ],
          [
            77.18274,
            28.706376
          ],
          [
            77.183189,
            28.706329
          ],
          [
            77.18364,
            28.706279
          ],
          [
            77.184302,
            28.706216
          ],
          [
            77.184627,
            28.706162
          ],
          [
            77.184964,
            28.706079
          ],
          [
            77.188485,
            28.704949
          ],
          [
            77.189181,
            28.704728
          ],
          [
            77.189794,
            28.704493
          ],
          [
            77.191779,
            28.703617
          ],
          [
            77.194006,
            28.702739
          ],
          [
            77.200241,
            28.70044
          ],
          [
            77.20109,
            28.700127
          ],
          [
            77.206423,
            28.698156
          ],
          [
            77.209569,
            28.697014
          ],
          [
            77.214748,
            28.695099
          ],
          [
            77.218489,
            28.693687
          ],
          [
            77.219119,
            28.693451
          ],
          [
            77.219793,
            28.693232
          ],
          [
            77.220047,
            28.6931
          ],
          [
            77.220343,
            28.692884
          ],
          [
            77.22055,
            28.692615
          ],
          [
            77.220796,
            28.69221
          ],
          [
            77.221015,
            28.69176
          ],
          [
            77.221257,
            28.690439
          ],
          [
            77.221283,
            28.689603
          ],
          [
            77.221291,
            28.689243
          ],
          [
            77.221359,
            28.688812
          ],
          [
            77.221758,
            28.686327
          ],
          [
            77.222571,
            28.682688
          ],
          [
            77.222599,
            28.682184
          ],
          [
            77.222624,
            28.681915
          ],
          [
            77.22277,
            28.681598
          ],
          [
            77.223095,
            28.681083
          ],
          [
            77.223366,
            28.680677
          ],
          [
            77.223734,
            28.680096
          ],
          [
            77.223967,
            28.679747
          ],
          [
            77.224237,
            28.679299
          ],
          [
            77.224432,
            28.678786
          ],
          [
            77.224746,
            28.677795
          ],
          [
            77.225057,
            28.676857
          ],
          [
            77.225286,
            28.676187
          ],
          [
            77.225461,
            28.67568
          ],
          [
            77.225516,
            28.675461
          ],
          [
            77.225599,
            28.675129
          ],
          [
            77.2258,
            28.674199
          ],
          [
            77.225925,
            28.673355
          ],
          [
            77.226014,
            28.672817
          ],
          [
            77.226073,
            28.672503
          ],
          [
            77.22628,
            28.671965
          ],
          [
            77.227184,
            28.669828
          ],
          [
            77.227352,
            28.669376
          ],
          [
            77.227632,
            28.668619
          ],
          [
            77.228217,
            28.667526
          ],
          [
            77.229367,
            28.665273
          ],
          [
            77.230069,
            28.663406
          ],
          [
            77.2304,
            28.659256
          ],
          [
            77.230366,
            28.658421
          ],
          [
            77.230239,
            28.656482
          ],
          [
            77.230117,
            28.656103
          ],
          [
            77.226544,
            28.649251
          ],
          [
            77.222782,
            28.643487
          ],
          [
            77.222771,
            28.643471
          ],
          [
            77.219815,
            28.634033
          ],
          [
            77.21971,
            28.633597
          ],
          [
            77.219579,
            28.633166
          ],
          [
            77.219424,
            28.632742
          ],
          [
            77.219202,
            28.632236
          ],
          [
            77.218945,
            28.631742
          ],
          [
            77.218492,
            28.631116
          ],
          [
            77.216118,
            28.627839
          ],
          [
            77.215837,
            28.627271
          ],
          [
            77.215802,
            28.625822
          ],
          [
            77.215689,
            28.625483
          ],
          [
            77.214059,
            28.622954
          ],
          [
            77.212946,
            28.621462
          ],
          [
            77.212767,
            28.621122
          ],
          [
            77.212653,
            28.619781
          ],
          [
            77.212411,
            28.616919
          ],
          [
            77.212313,
            28.615878
          ],
          [
            77.211825,
            28.609512
          ],
          [
            77.21102,
            28.598128
          ],
          [
            77.211127,
            28.597355
          ],
          [
            77.212699,
            28.591277
          ],
          [
            77.21283,
            28.589631
          ],
          [
            77.212564,
            28.586594
          ],
          [
            77.212365,
            28.583429
          ],
          [
            77.20952,
            28.574938
          ],
          [
            77.209331,
            28.574159
          ],
          [
            77.208105,
            28.567929
          ],
          [
            77.208022,
            28.567578
          ],
          [
            77.207926,
            28.56717
          ],
          [
            77.207832,
            28.566854
          ],
          [
            77.20761,
            28.566027
          ],
          [
            77.207594,
            28.563556
          ],
          [
            77.207418,
            28.561651
          ],
          [
            77.206821,
            28.558002
          ],
          [
            77.206504,
            28.556473
          ],
          [
            77.206173,
            28.555198
          ],
          [
            77.206027,
            28.554051
          ],
          [
            77.205748,
            28.551858
          ],
          [
            77.20597,
            28.5491
          ],
          [
            77.206031,
            28.548558
          ],
          [
            77.206697,
            28.547422
          ],
          [
            77.206832,
            28.546588
          ],
          [
            77.20681,
            28.546016
          ],
          [
            77.20674,
            28.544258
          ],
          [
            77.206458,
            28.542468
          ],
          [
            77.206757,
            28.538403
          ],
          [
            77.206173,
            28.535553
          ],
          [
            77.205408,
            28.532841
          ],
          [
            77.204649,
            28.530116
          ],
          [
            77.204677,
            28.529781
          ],
          [
            77.204855,
            28.529067
          ],
          [
            77.204987,
            28.528459
          ],
          [
            77.20497,
            28.528116
          ],
          [
            77.203485,
            28.522485
          ],
          [
            77.203395,
            28.522211
          ],
          [
            77.203276,
            28.521938
          ],
          [
            77.203175,
            28.52173
          ],
          [
            77.203031,
            28.521566
          ],
          [
            77.201898,
            28.520873
          ],
          [
            77.201591,
            28.520687
          ],
          [
            77.200309,
            28.519644
          ],
          [
            77.196476,
            28.516194
          ],
          [
            77.19526,
            28.515551
          ],
          [
            77.194033,
            28.515076
          ],
          [
            77.193312,
            28.514967
          ],
          [
            77.192469,
            28.514875
          ],
          [
            77.191868,
            28.514855
          ],
          [
            77.190587,
            28.514917
          ],
          [
            77.190193,
            28.514895
          ],
          [
            77.189801,
            28.51483
          ],
          [
            77.189385,
            28.514732
          ],
          [
            77.189081,
            28.514628
          ],
          [
            77.18883,
            28.514516
          ],
          [
            77.188442,
            28.514281
          ],
          [
            77.18785,
            28.513875
          ],
          [
            77.186472,
            28.51293
          ],
          [
            77.184338,
            28.511499
          ],
          [
            77.18228,
            28.510483
          ],
          [
            77.180268,
            28.509491
          ],
          [
            77.179895,
            28.509325
          ],
          [
            77.179508,
            28.509217
          ],
          [
            77.178948,
            28.509113
          ],
          [
            77.178187,
            28.509025
          ],
          [
            77.177689,
            28.508975
          ],
          [
            77.177475,
            28.508918
          ],
          [
            77.177335,
            28.508878
          ],
          [
            77.177148,
            28.508814
          ],
          [
            77.176968,
            28.50873
          ],
          [
            77.176758,
            28.508631
          ],
          [
            77.176599,
            28.50854
          ],
          [
            77.176471,
            28.508461
          ],
          [
            77.176302,
            28.508336
          ],
          [
            77.176135,
            28.508177
          ],
          [
            77.175686,
            28.507705
          ],
          [
            77.174936,
            28.506755
          ],
          [
            77.173422,
            28.504879
          ],
          [
            77.173222,
            28.504663
          ],
          [
            77.173013,
            28.504467
          ],
          [
            77.172801,
            28.50429
          ],
          [
            77.172652,
            28.504177
          ],
          [
            77.172485,
            28.504059
          ],
          [
            77.172256,
            28.503915
          ],
          [
            77.172018,
            28.50378
          ],
          [
            77.171811,
            28.503675
          ],
          [
            77.171626,
            28.503591
          ],
          [
            77.17146,
            28.503521
          ],
          [
            77.169676,
            28.502822
          ],
          [
            77.169447,
            28.502717
          ],
          [
            77.168779,
            28.502385
          ],
          [
            77.168606,
            28.502305
          ],
          [
            77.168348,
            28.502197
          ],
          [
            77.168076,
            28.502091
          ],
          [
            77.167108,
            28.501732
          ],
          [
            77.166857,
            28.501635
          ],
          [
            77.166661,
            28.501553
          ],
          [
            77.166405,
            28.501436
          ],
          [
            77.164311,
            28.500428
          ],
          [
            77.163962,
            28.500257
          ],
          [
            77.163226,
            28.499914
          ],
          [
            77.162928,
            28.499784
          ],
          [
            77.162425,
            28.49958
          ],
          [
            77.16091,
            28.498971
          ],
          [
            77.160011,
            28.498606
          ],
          [
            77.159063,
            28.498192
          ],
          [
            77.158627,
            28.497999
          ],
          [
            77.158262,
            28.497838
          ],
          [
            77.157814,
            28.497646
          ],
          [
            77.156815,
            28.497214
          ],
          [
            77.156011,
            28.496864
          ],
          [
            77.150464,
            28.494317
          ],
          [
            77.149198,
            28.493728
          ],
          [
            77.14657,
            28.492589
          ],
          [
            77.145225,
            28.492047
          ],
          [
            77.142172,
            28.490979
          ],
          [
            77.141357,
            28.490532
          ],
          [
            77.13902,
            28.48937
          ],
          [
            77.135253,
            28.487621
          ],
          [
            77.133407,
            28.486663
          ],
          [
            77.131463,
            28.485101
          ],
          [
            77.130349,
            28.483982
          ],
          [
            77.127544,
            28.482022
          ],
          [
            77.126844,
            28.481547
          ],
          [
            77.125784,
            28.480716
          ],
          [
            77.125025,
            28.480182
          ],
          [
            77.124427,
            28.479739
          ],
          [
            77.123812,
            28.479263
          ],
          [
            77.123432,
            28.479073
          ],
          [
            77.123058,
            28.478892
          ],
          [
            77.122663,
            28.478787
          ],
          [
            77.122228,
            28.478729
          ],
          [
            77.121625,
            28.47875
          ],
          [
            77.120968,
            28.478881
          ],
          [
            77.120353,
            28.479139
          ],
          [
            77.119104,
            28.479974
          ],
          [
            77.118196,
            28.480557
          ],
          [
            77.117729,
            28.480753
          ],
          [
            77.117023,
            28.480919
          ],
          [
            77.115971,
            28.481135
          ],
          [
            77.114861,
            28.481343
          ],
          [
            77.114191,
            28.481487
          ],
          [
            77.113587,
            28.481565
          ],
          [
            77.113127,
            28.481557
          ],
          [
            77.112379,
            28.481528
          ],
          [
            77.111774,
            28.481493
          ],
          [
            77.11124,
            28.481507
          ],
          [
            77.110976,
            28.481549
          ],
          [
            77.110583,
            28.48164
          ],
          [
            77.110395,
            28.481704
          ],
          [
            77.110208,
            28.481771
          ],
          [
            77.109743,
            28.482001
          ],
          [
            77.109204,
            28.482279
          ],
          [
            77.108842,
            28.482421
          ],
          [
            77.108523,
            28.482502
          ],
          [
            77.108239,
            28.482562
          ],
          [
            77.107993,
            28.482601
          ],
          [
            77.107651,
            28.482611
          ],
          [
            77.107341,
            28.482594
          ],
          [
            77.107079,
            28.482561
          ],
          [
            77.106791,
            28.482503
          ],
          [
            77.10646,
            28.48243
          ],
          [
            77.105723,
            28.482265
          ],
          [
            77.105162,
            28.482178
          ],
          [
            77.104358,
            28.482119
          ],
          [
            77.103274,
            28.482119
          ],
          [
            77.102272,
            28.481998
          ],
          [
            77.101219,
            28.481879
          ],
          [
            77.100474,
            28.481816
          ],
          [
            77.099841,
            28.481851
          ],
          [
            77.098559,
            28.481994
          ],
          [
            77.097958,
            28.482041
          ],
          [
            77.097421,
            28.482048
          ],
          [
            77.096853,
            28.481989
          ],
          [
            77.096002,
            28.481888
          ],
          [
            77.095218,
            28.481758
          ],
          [
            77.094423,
            28.48159
          ],
          [
            77.093007,
            28.481244
          ],
          [
            77.091599,
            28.480971
          ],
          [
            77.090801,
            28.480799
          ],
          [
            77.089448,
            28.480598
          ],
          [
            77.088967,
            28.480534
          ],
          [
            77.0883,
            28.480585
          ],
          [
            77.087757,
            28.480641
          ],
          [
            77.086822,
            28.480553
          ],
          [
            77.079899,
            28.479524
          ],
          [
            77.074278,
            28.478584
          ],
          [
            77.07395,
            28.478513
          ],
          [
            77.073686,
            28.478421
          ],
          [
            77.073392,
            28.478303
          ],
          [
            77.073105,
            28.478139
          ],
          [
            77.072738,
            28.477855
          ],
          [
            77.072366,
            28.477438
          ],
          [
            77.072125,
            28.476985
          ],
          [
            77.071986,
            28.47653
          ],
          [
            77.071921,
            28.475867
          ],
          [
            77.072452,
            28.472331
          ],
          [
            77.073912,
            28.462114
          ],
          [
            77.073943,
            28.461839
          ],
          [
            77.073947,
            28.461541
          ],
          [
            77.073909,
            28.461255
          ],
          [
            77.073852,
            28.460999
          ],
          [
            77.073784,
            28.460806
          ],
          [
            77.073706,
            28.460624
          ],
          [
            77.073623,
            28.460463
          ],
          [
            77.073506,
            28.46029
          ],
          [
            77.073389,
            28.460139
          ],
          [
            77.072686,
            28.459331
          ]
        ]
      }
    },
    {
      "type": "Feature",
      "properties": {
        "id": "blue-line",
        "name": "Blue Line",
        "color": "#0072CE"
      },
      "geometry": {
        "type": "LineString",
        "coordinates": [
          [
            77.058427,
            28.55201
          ],
          [
            77.060938,
            28.555085
          ],
          [
            77.061417,
            28.555672
          ],
          [
            77.063029,
            28.557646
          ],
          [
            77.064492,
            28.559559
          ],
          [
            77.064824,
            28.560042
          ],
          [
            77.065043,
            28.560372
          ],
          [
            77.065447,
            28.561016
          ],
          [
            77.065567,
            28.561231
          ],
          [
            77.065875,
            28.561783
          ],
          [
            77.066161,
            28.562393
          ],
          [
            77.066394,
            28.563017
          ],
          [
            77.066624,
            28.56373
          ],
          [
            77.06677,
            28.564269
          ],
          [
            77.066868,
            28.56481
          ],
          [
            77.067015,
            28.565613
          ],
          [
            77.067106,
            28.566446
          ],
          [
            77.067209,
            28.568208
          ],
          [
            77.067209,
            28.568673
          ],
          [
            77.067175,
            28.569334
          ],
          [
            77.06709,
            28.569919
          ],
          [
            77.066979,
            28.570474
          ],
          [
            77.066774,
            28.571119
          ],
          [
            77.066552,
            28.571667
          ],
          [
            77.066243,
            28.572322
          ],
          [
            77.065823,
            28.573233
          ],
          [
            77.065309,
            28.574263
          ],
          [
            77.064642,
            28.575248
          ],
          [
            77.064196,
            28.575857
          ],
          [
            77.063786,
            28.57636
          ],
          [
            77.063265,
            28.576923
          ],
          [
            77.062769,
            28.577358
          ],
          [
            77.062007,
            28.57799
          ],
          [
            77.061365,
            28.578463
          ],
          [
            77.057486,
            28.58104
          ],
          [
            77.049427,
            28.586429
          ],
          [
            77.04547,
            28.589029
          ],
          [
            77.040718,
            28.592219
          ],
          [
            77.033527,
            28.596992
          ],
          [
            77.029785,
            28.599502
          ],
          [
            77.027166,
            28.601266
          ],
          [
            77.025961,
            28.602204
          ],
          [
            77.025551,
            28.602557
          ],
          [
            77.025084,
            28.603049
          ],
          [
            77.024203,
            28.604055
          ],
          [
            77.023361,
            28.605063
          ],
          [
            77.02287,
            28.605819
          ],
          [
            77.022317,
            28.606898
          ],
          [
            77.022003,
            28.607872
          ],
          [
            77.021774,
            28.609298
          ],
          [
            77.021763,
            28.610395
          ],
          [
            77.021789,
            28.611441
          ],
          [
            77.021881,
            28.612069
          ],
          [
            77.022072,
            28.612746
          ],
          [
            77.02223,
            28.613291
          ],
          [
            77.022296,
            28.613517
          ],
          [
            77.022307,
            28.613554
          ],
          [
            77.022371,
            28.613776
          ],
          [
            77.022467,
            28.614074
          ],
          [
            77.022741,
            28.614943
          ],
          [
            77.023044,
            28.616011
          ],
          [
            77.023118,
            28.616271
          ],
          [
            77.023234,
            28.61668
          ],
          [
            77.023402,
            28.617331
          ],
          [
            77.023632,
            28.617832
          ],
          [
            77.02393,
            28.618247
          ],
          [
            77.024279,
            28.618599
          ],
          [
            77.024634,
            28.618849
          ],
          [
            77.024986,
            28.619046
          ],
          [
            77.025469,
            28.619238
          ],
          [
            77.026049,
            28.619354
          ],
          [
            77.026549,
            28.619368
          ],
          [
            77.027268,
            28.61931
          ],
          [
            77.029728,
            28.619127
          ],
          [
            77.030247,
            28.619087
          ],
          [
            77.030543,
            28.619079
          ],
          [
            77.030929,
            28.619085
          ],
          [
            77.031472,
            28.619114
          ],
          [
            77.032104,
            28.619186
          ],
          [
            77.033276,
            28.619332
          ],
          [
            77.035542,
            28.619707
          ],
          [
            77.037876,
            28.620051
          ],
          [
            77.038893,
            28.620193
          ],
          [
            77.040288,
            28.620327
          ],
          [
            77.041226,
            28.620329
          ],
          [
            77.041914,
            28.620291
          ],
          [
            77.043006,
            28.620212
          ],
          [
            77.043387,
            28.620199
          ],
          [
            77.043975,
            28.620213
          ],
          [
            77.04461,
            28.620261
          ],
          [
            77.045078,
            28.620297
          ],
          [
            77.046973,
            28.620561
          ],
          [
            77.047927,
            28.620667
          ],
          [
            77.04942,
            28.620853
          ],
          [
            77.051011,
            28.621028
          ],
          [
            77.051927,
            28.621155
          ],
          [
            77.052903,
            28.62129
          ],
          [
            77.053793,
            28.621444
          ],
          [
            77.055708,
            28.621777
          ],
          [
            77.05666,
            28.622016
          ],
          [
            77.057798,
            28.622259
          ],
          [
            77.058375,
            28.622401
          ],
          [
            77.059663,
            28.622745
          ],
          [
            77.060307,
            28.622933
          ],
          [
            77.061419,
            28.623325
          ],
          [
            77.063041,
            28.623972
          ],
          [
            77.063936,
            28.624337
          ],
          [
            77.065278,
            28.624868
          ],
          [
            77.067336,
            28.625643
          ],
          [
            77.068081,
            28.625916
          ],
          [
            77.069094,
            28.626289
          ],
          [
            77.071022,
            28.627052
          ],
          [
            77.071242,
            28.627131
          ],
          [
            77.073037,
            28.627817
          ],
          [
            77.073651,
            28.628058
          ],
          [
            77.074165,
            28.628211
          ],
          [
            77.07464,
            28.628328
          ],
          [
            77.075157,
            28.628479
          ],
          [
            77.07578,
            28.628714
          ],
          [
            77.075961,
            28.628789
          ],
          [
            77.076685,
            28.629088
          ],
          [
            77.077048,
            28.629223
          ],
          [
            77.078074,
            28.629603
          ],
          [
            77.079851,
            28.630377
          ],
          [
            77.080725,
            28.630746
          ],
          [
            77.08219,
            28.631262
          ],
          [
            77.084029,
            28.632001
          ],
          [
            77.085659,
            28.63264
          ],
          [
            77.085815,
            28.632704
          ],
          [
            77.086384,
            28.63291
          ],
          [
            77.086709,
            28.633027
          ],
          [
            77.089283,
            28.634007
          ],
          [
            77.091189,
            28.634527
          ],
          [
            77.092052,
            28.634849
          ],
          [
            77.093011,
            28.635308
          ],
          [
            77.093752,
            28.635648
          ],
          [
            77.094665,
            28.635958
          ],
          [
            77.09559,
            28.636242
          ],
          [
            77.096462,
            28.636564
          ],
          [
            77.097023,
            28.636815
          ],
          [
            77.097689,
            28.637127
          ],
          [
            77.098845,
            28.63771
          ],
          [
            77.099617,
            28.638154
          ],
          [
            77.10074,
            28.638823
          ],
          [
            77.101297,
            28.639045
          ],
          [
            77.102489,
            28.639482
          ],
          [
            77.105216,
            28.640501
          ],
          [
            77.106385,
            28.640974
          ],
          [
            77.108341,
            28.641847
          ],
          [
            77.109648,
            28.64242
          ],
          [
            77.110816,
            28.64285
          ],
          [
            77.111629,
            28.643158
          ],
          [
            77.112245,
            28.643458
          ],
          [
            77.112845,
            28.643764
          ],
          [
            77.113872,
            28.644368
          ],
          [
            77.114876,
            28.644955
          ],
          [
            77.115762,
            28.645545
          ],
          [
            77.116608,
            28.646161
          ],
          [
            77.117146,
            28.646546
          ],
          [
            77.117915,
            28.647023
          ],
          [
            77.118562,
            28.647378
          ],
          [
            77.119251,
            28.647681
          ],
          [
            77.122722,
            28.649074
          ],
          [
            77.123368,
            28.649383
          ],
          [
            77.123697,
            28.649546
          ],
          [
            77.125569,
            28.650566
          ],
          [
            77.127179,
            28.651518
          ],
          [
            77.127726,
            28.651749
          ],
          [
            77.128261,
            28.651901
          ],
          [
            77.130695,
            28.652519
          ],
          [
            77.131644,
            28.652765
          ],
          [
            77.133234,
            28.653176
          ],
          [
            77.133995,
            28.653379
          ],
          [
            77.134374,
            28.653489
          ],
          [
            77.134728,
            28.653621
          ],
          [
            77.135072,
            28.653761
          ],
          [
            77.135763,
            28.654222
          ],
          [
            77.137237,
            28.654946
          ],
          [
            77.142419,
            28.657878
          ],
          [
            77.143677,
            28.658478
          ],
          [
            77.144061,
            28.658587
          ],
          [
            77.144448,
            28.658677
          ],
          [
            77.144768,
            28.658728
          ],
          [
            77.145095,
            28.658728
          ],
          [
            77.145545,
            28.658675
          ],
          [
            77.146118,
            28.658551
          ],
          [
            77.14664,
            28.658312
          ],
          [
            77.147213,
            28.65792
          ],
          [
            77.148089,
            28.657355
          ],
          [
            77.148662,
            28.656982
          ],
          [
            77.149181,
            28.656693
          ],
          [
            77.149939,
            28.656213
          ],
          [
            77.150677,
            28.655764
          ],
          [
            77.1519,
            28.655018
          ],
          [
            77.152998,
            28.654383
          ],
          [
            77.153329,
            28.654222
          ],
          [
            77.154662,
            28.653704
          ],
          [
            77.155233,
            28.653426
          ],
          [
            77.155611,
            28.653196
          ],
          [
            77.158269,
            28.651601
          ],
          [
            77.167788,
            28.645936
          ],
          [
            77.169292,
            28.645029
          ],
          [
            77.171398,
            28.643818
          ],
          [
            77.173127,
            28.64272
          ],
          [
            77.173664,
            28.642428
          ],
          [
            77.173902,
            28.642331
          ],
          [
            77.174147,
            28.642242
          ],
          [
            77.174393,
            28.642179
          ],
          [
            77.174662,
            28.642116
          ],
          [
            77.174918,
            28.642098
          ],
          [
            77.175202,
            28.642094
          ],
          [
            77.175616,
            28.642123
          ],
          [
            77.176038,
            28.642169
          ],
          [
            77.178271,
            28.642517
          ],
          [
            77.187588,
            28.64387
          ],
          [
            77.18852,
            28.644031
          ],
          [
            77.189383,
            28.64414
          ],
          [
            77.192267,
            28.64453
          ],
          [
            77.196546,
            28.645192
          ],
          [
            77.197227,
            28.64526
          ],
          [
            77.197908,
            28.645191
          ],
          [
            77.198612,
            28.644955
          ],
          [
            77.199927,
            28.644336
          ],
          [
            77.201523,
            28.643599
          ],
          [
            77.202673,
            28.643132
          ],
          [
            77.203168,
            28.642851
          ],
          [
            77.203522,
            28.642603
          ],
          [
            77.203879,
            28.642274
          ],
          [
            77.204279,
            28.641856
          ],
          [
            77.204772,
            28.641401
          ],
          [
            77.205492,
            28.640976
          ],
          [
            77.206632,
            28.640424
          ],
          [
            77.208594,
            28.639259
          ],
          [
            77.213512,
            28.636448
          ],
          [
            77.215922,
            28.635008
          ],
          [
            77.218228,
            28.633604
          ],
          [
            77.219711,
            28.632797
          ],
          [
            77.22065,
            28.632286
          ],
          [
            77.222253,
            28.631368
          ],
          [
            77.225021,
            28.629787
          ],
          [
            77.225898,
            28.629254
          ],
          [
            77.23142,
            28.626062
          ],
          [
            77.231988,
            28.625863
          ],
          [
            77.23226,
            28.625768
          ],
          [
            77.234198,
            28.625633
          ],
          [
            77.236146,
            28.62555
          ],
          [
            77.236815,
            28.625522
          ],
          [
            77.238757,
            28.625432
          ],
          [
            77.239771,
            28.62535
          ],
          [
            77.240125,
            28.62525
          ],
          [
            77.240604,
            28.625088
          ],
          [
            77.241288,
            28.624658
          ],
          [
            77.242546,
            28.623488
          ],
          [
            77.24363,
            28.622471
          ],
          [
            77.244334,
            28.621844
          ],
          [
            77.244894,
            28.621537
          ],
          [
            77.245348,
            28.621373
          ],
          [
            77.245746,
            28.621289
          ],
          [
            77.246179,
            28.621243
          ],
          [
            77.247275,
            28.62113
          ],
          [
            77.24785,
            28.621011
          ],
          [
            77.248738,
            28.620807
          ],
          [
            77.249556,
            28.620623
          ],
          [
            77.251318,
            28.620287
          ],
          [
            77.252183,
            28.620157
          ],
          [
            77.252685,
            28.620129
          ],
          [
            77.253546,
            28.6202
          ],
          [
            77.255547,
            28.620462
          ],
          [
            77.259587,
            28.620955
          ],
          [
            77.260445,
            28.621057
          ],
          [
            77.260806,
            28.621093
          ],
          [
            77.261459,
            28.621199
          ],
          [
            77.261842,
            28.621261
          ],
          [
            77.262934,
            28.621512
          ],
          [
            77.263262,
            28.621606
          ],
          [
            77.263587,
            28.621712
          ],
          [
            77.265354,
            28.622385
          ],
          [
            77.265926,
            28.622592
          ],
          [
            77.267003,
            28.622967
          ],
          [
            77.26725,
            28.623055
          ],
          [
            77.267952,
            28.623307
          ],
          [
            77.268747,
            28.623592
          ],
          [
            77.268897,
            28.623646
          ],
          [
            77.269246,
            28.623798
          ],
          [
            77.269613,
            28.623967
          ],
          [
            77.270895,
            28.624532
          ],
          [
            77.270963,
            28.624556
          ],
          [
            77.271179,
            28.624636
          ],
          [
            77.271425,
            28.624716
          ],
          [
            77.271547,
            28.624752
          ],
          [
            77.271704,
            28.624799
          ],
          [
            77.271898,
            28.624846
          ],
          [
            77.27209,
            28.62488
          ],
          [
            77.272265,
            28.624905
          ],
          [
            77.272437,
            28.624921
          ],
          [
            77.272665,
            28.624929
          ],
          [
            77.272931,
            28.624917
          ],
          [
            77.273202,
            28.62488
          ],
          [
            77.273442,
            28.62483
          ],
          [
            77.273674,
            28.624765
          ],
          [
            77.273885,
            28.624696
          ],
          [
            77.274089,
            28.624617
          ],
          [
            77.274316,
            28.624499
          ],
          [
            77.274516,
            28.624378
          ],
          [
            77.274723,
            28.624221
          ],
          [
            77.274885,
            28.624092
          ],
          [
            77.275006,
            28.623973
          ],
          [
            77.275103,
            28.623869
          ],
          [
            77.2752,
            28.623753
          ],
          [
            77.275324,
            28.623592
          ],
          [
            77.275661,
            28.623126
          ],
          [
            77.275833,
            28.622886
          ],
          [
            77.276136,
            28.622456
          ],
          [
            77.278906,
            28.618716
          ],
          [
            77.279565,
            28.617892
          ],
          [
            77.279777,
            28.617586
          ],
          [
            77.28002,
            28.617234
          ],
          [
            77.28031,
            28.616875
          ],
          [
            77.280601,
            28.616584
          ],
          [
            77.280937,
            28.616315
          ],
          [
            77.281369,
            28.616017
          ],
          [
            77.281768,
            28.615755
          ],
          [
            77.28209,
            28.615469
          ],
          [
            77.282338,
            28.615215
          ],
          [
            77.282578,
            28.614903
          ],
          [
            77.28364,
            28.613407
          ],
          [
            77.284212,
            28.612598
          ],
          [
            77.284753,
            28.61188
          ],
          [
            77.286068,
            28.610304
          ],
          [
            77.286577,
            28.609717
          ],
          [
            77.286756,
            28.609462
          ],
          [
            77.287103,
            28.608959
          ],
          [
            77.287437,
            28.608437
          ],
          [
            77.287732,
            28.607795
          ],
          [
            77.288386,
            28.606443
          ],
          [
            77.288587,
            28.60606
          ],
          [
            77.288773,
            28.605761
          ],
          [
            77.289006,
            28.605384
          ],
          [
            77.289125,
            28.605149
          ],
          [
            77.289642,
            28.604086
          ],
          [
            77.28987,
            28.60364
          ],
          [
            77.290007,
            28.603323
          ],
          [
            77.290105,
            28.603025
          ],
          [
            77.290301,
            28.602574
          ],
          [
            77.290499,
            28.6022
          ],
          [
            77.290564,
            28.602068
          ],
          [
            77.290979,
            28.601305
          ],
          [
            77.291435,
            28.600454
          ],
          [
            77.29223,
            28.598874
          ],
          [
            77.292719,
            28.597938
          ],
          [
            77.293323,
            28.59674
          ],
          [
            77.293351,
            28.596689
          ],
          [
            77.293446,
            28.596501
          ],
          [
            77.294201,
            28.595201
          ],
          [
            77.294549,
            28.594508
          ],
          [
            77.295134,
            28.593395
          ],
          [
            77.295509,
            28.59265
          ],
          [
            77.295714,
            28.592292
          ],
          [
            77.296068,
            28.591696
          ],
          [
            77.296962,
            28.590372
          ],
          [
            77.297178,
            28.590125
          ],
          [
            77.297384,
            28.589922
          ],
          [
            77.297705,
            28.589682
          ],
          [
            77.298045,
            28.589485
          ],
          [
            77.298389,
            28.589363
          ],
          [
            77.29872,
            28.589271
          ],
          [
            77.29918,
            28.589207
          ],
          [
            77.299663,
            28.589178
          ],
          [
            77.299866,
            28.589176
          ],
          [
            77.301599,
            28.589158
          ],
          [
            77.303194,
            28.589175
          ],
          [
            77.306995,
            28.5892
          ],
          [
            77.307279,
            28.589195
          ],
          [
            77.307445,
            28.589191
          ],
          [
            77.307611,
            28.589179
          ],
          [
            77.307776,
            28.58916
          ],
          [
            77.30794,
            28.589132
          ],
          [
            77.308101,
            28.589097
          ],
          [
            77.30826,
            28.589055
          ],
          [
            77.308417,
            28.589005
          ],
          [
            77.30857,
            28.588947
          ],
          [
            77.308734,
            28.588876
          ],
          [
            77.308893,
            28.588796
          ],
          [
            77.309047,
            28.588708
          ],
          [
            77.309195,
            28.588613
          ],
          [
            77.309335,
            28.588509
          ],
          [
            77.309469,
            28.588399
          ],
          [
            77.309595,
            28.588282
          ],
          [
            77.309713,
            28.588159
          ],
          [
            77.309822,
            28.588029
          ],
          [
            77.309923,
            28.587895
          ],
          [
            77.310014,
            28.587755
          ],
          [
            77.310944,
            28.586115
          ],
          [
            77.311735,
            28.58496
          ],
          [
            77.313277,
            28.582743
          ],
          [
            77.313609,
            28.58233
          ],
          [
            77.314052,
            28.581888
          ],
          [
            77.315154,
            28.580833
          ],
          [
            77.315938,
            28.580082
          ],
          [
            77.317876,
            28.578148
          ],
          [
            77.318582,
            28.577536
          ],
          [
            77.319764,
            28.576552
          ],
          [
            77.322151,
            28.574469
          ],
          [
            77.322724,
            28.574057
          ],
          [
            77.323268,
            28.573583
          ],
          [
            77.326174,
            28.570824
          ],
          [
            77.327466,
            28.569615
          ],
          [
            77.328502,
            28.568681
          ],
          [
            77.329826,
            28.56763
          ],
          [
            77.331891,
            28.566225
          ],
          [
            77.333021,
            28.565323
          ],
          [
            77.333713,
            28.564624
          ],
          [
            77.334252,
            28.564106
          ],
          [
            77.334409,
            28.563955
          ],
          [
            77.334964,
            28.563422
          ],
          [
            77.335752,
            28.562704
          ],
          [
            77.335885,
            28.562599
          ],
          [
            77.336024,
            28.562501
          ],
          [
            77.336169,
            28.562411
          ],
          [
            77.33632,
            28.562327
          ],
          [
            77.336476,
            28.562252
          ],
          [
            77.336636,
            28.562184
          ],
          [
            77.336801,
            28.562125
          ],
          [
            77.336969,
            28.562074
          ],
          [
            77.337141,
            28.562032
          ],
          [
            77.337315,
            28.561998
          ],
          [
            77.33749,
            28.561973
          ],
          [
            77.337667,
            28.561957
          ],
          [
            77.337845,
            28.56195
          ],
          [
            77.338024,
            28.561951
          ],
          [
            77.338202,
            28.561962
          ],
          [
            77.338378,
            28.561982
          ],
          [
            77.338554,
            28.562011
          ],
          [
            77.338727,
            28.562048
          ],
          [
            77.338897,
            28.562094
          ],
          [
            77.339065,
            28.562149
          ],
          [
            77.339228,
            28.562212
          ],
          [
            77.339387,
            28.562283
          ],
          [
            77.339541,
            28.562362
          ],
          [
            77.339689,
            28.562448
          ],
          [
            77.339832,
            28.562542
          ],
          [
            77.339969,
            28.562643
          ],
          [
            77.340602,
            28.56313
          ],
          [
            77.343585,
            28.565326
          ],
          [
            77.346376,
            28.567474
          ],
          [
            77.347171,
            28.568075
          ],
          [
            77.352188,
            28.57187
          ],
          [
            77.356209,
            28.574837
          ],
          [
            77.360049,
            28.577686
          ],
          [
            77.36348,
            28.580276
          ],
          [
            77.366407,
            28.582446
          ],
          [
            77.370545,
            28.585568
          ],
          [
            77.370949,
            28.585818
          ],
          [
            77.371254,
            28.585985
          ],
          [
            77.371444,
            28.586102
          ],
          [
            77.371728,
            28.586249
          ],
          [
            77.372775,
            28.586782
          ],
          [
            77.373552,
            28.587167
          ],
          [
            77.37384,
            28.58733
          ],
          [
            77.374065,
            28.587473
          ],
          [
            77.374228,
            28.5876
          ],
          [
            77.374355,
            28.587718
          ],
          [
            77.374474,
            28.587841
          ],
          [
            77.374584,
            28.587971
          ],
          [
            77.374685,
            28.588106
          ],
          [
            77.374776,
            28.588246
          ],
          [
            77.374858,
            28.588391
          ],
          [
            77.374929,
            28.58854
          ],
          [
            77.374991,
            28.588693
          ],
          [
            77.375042,
            28.588848
          ],
          [
            77.375082,
            28.589006
          ],
          [
            77.375111,
            28.589165
          ],
          [
            77.375129,
            28.58932
          ],
          [
            77.375137,
            28.589475
          ],
          [
            77.375134,
            28.58963
          ],
          [
            77.375122,
            28.589784
          ],
          [
            77.375099,
            28.589938
          ],
          [
            77.375066,
            28.590091
          ],
          [
            77.375024,
            28.590241
          ],
          [
            77.374971,
            28.590389
          ],
          [
            77.374909,
            28.590534
          ],
          [
            77.374838,
            28.590676
          ],
          [
            77.374757,
            28.590814
          ],
          [
            77.374508,
            28.591182
          ],
          [
            77.374389,
            28.591325
          ],
          [
            77.374025,
            28.591756
          ],
          [
            77.373549,
            28.592364
          ],
          [
            77.373366,
            28.592636
          ],
          [
            77.373204,
            28.592905
          ],
          [
            77.37306,
            28.593232
          ],
          [
            77.372281,
            28.595504
          ],
          [
            77.372228,
            28.59582
          ],
          [
            77.37219,
            28.596142
          ],
          [
            77.372174,
            28.596278
          ],
          [
            77.372184,
            28.596879
          ],
          [
            77.37223,
            28.597586
          ],
          [
            77.372394,
            28.60104
          ],
          [
            77.372487,
            28.602981
          ],
          [
            77.372605,
            28.605687
          ],
          [
            77.372642,
            28.606529
          ],
          [
            77.37278,
            28.609029
          ],
          [
            77.372805,
            28.609509
          ],
          [
            77.372873,
            28.61018
          ],
          [
            77.373376,
            28.615296
          ],
          [
            77.373555,
            28.616988
          ],
          [
            77.373615,
            28.61789
          ],
          [
            77.374069,
            28.622627
          ],
          [
            77.374239,
            28.623231
          ],
          [
            77.374522,
            28.623907
          ],
          [
            77.374645,
            28.624395
          ],
          [
            77.374804,
            28.625641
          ],
          [
            77.374836,
            28.625978
          ],
          [
            77.374872,
            28.626325
          ],
          [
            77.374922,
            28.626866
          ],
          [
            77.375044,
            28.628262
          ]
        ]
      }
    },
    {
      "type": "Feature",
      "properties": {
        "id": "blue-line-branch",
        "name": "Blue Line Branch",
        "color": "#0072CE"
      },
      "geometry": {
        "type": "LineString",
        "coordinates": [
          [
            77.267952,
            28.623307
          ],
          [
            77.268747,
            28.623592
          ],
          [
            77.268897,
            28.623646
          ],
          [
            77.269677,
            28.623941
          ],
          [
            77.269853,
            28.624003
          ],
          [
            77.270269,
            28.624147
          ],
          [
            77.270705,
            28.624304
          ],
          [
            77.270876,
            28.624368
          ],
          [
            77.271013,
            28.624425
          ],
          [
            77.271146,
            28.624485
          ],
          [
            77.271288,
            28.624559
          ],
          [
            77.271419,
            28.624633
          ],
          [
            77.271581,
            28.624742
          ],
          [
            77.271708,
            28.624833
          ],
          [
            77.271818,
            28.624916
          ],
          [
            77.271963,
            28.625044
          ],
          [
            77.272087,
            28.625165
          ],
          [
            77.272201,
            28.625285
          ],
          [
            77.272275,
            28.625371
          ],
          [
            77.272355,
            28.625471
          ],
          [
            77.272447,
            28.625606
          ],
          [
            77.272535,
            28.625736
          ],
          [
            77.272662,
            28.625942
          ],
          [
            77.272787,
            28.626161
          ],
          [
            77.272959,
            28.62644
          ],
          [
            77.273482,
            28.627289
          ],
          [
            77.27378,
            28.627743
          ],
          [
            77.273872,
            28.627876
          ],
          [
            77.274036,
            28.628086
          ],
          [
            77.274142,
            28.628206
          ],
          [
            77.274281,
            28.628352
          ],
          [
            77.274395,
            28.628463
          ],
          [
            77.274521,
            28.628574
          ],
          [
            77.274688,
            28.628706
          ],
          [
            77.274866,
            28.628834
          ],
          [
            77.275091,
            28.628986
          ],
          [
            77.275743,
            28.62942
          ],
          [
            77.276108,
            28.629657
          ],
          [
            77.277502,
            28.630622
          ],
          [
            77.28235,
            28.633723
          ],
          [
            77.285426,
            28.635796
          ],
          [
            77.285894,
            28.636095
          ],
          [
            77.286752,
            28.636558
          ],
          [
            77.287551,
            28.636989
          ],
          [
            77.291889,
            28.639151
          ],
          [
            77.293034,
            28.639751
          ],
          [
            77.293915,
            28.640389
          ],
          [
            77.295259,
            28.641441
          ],
          [
            77.296377,
            28.642318
          ],
          [
            77.299434,
            28.644684
          ],
          [
            77.302963,
            28.647448
          ],
          [
            77.303293,
            28.647653
          ],
          [
            77.303649,
            28.647821
          ],
          [
            77.304571,
            28.648226
          ],
          [
            77.305527,
            28.648444
          ],
          [
            77.30649,
            28.648588
          ],
          [
            77.306585,
            28.648595
          ],
          [
            77.307625,
            28.648672
          ],
          [
            77.309,
            28.648706
          ],
          [
            77.309289,
            28.648693
          ],
          [
            77.309498,
            28.648672
          ],
          [
            77.309716,
            28.64864
          ],
          [
            77.310074,
            28.648569
          ],
          [
            77.310654,
            28.648417
          ],
          [
            77.311109,
            28.648315
          ],
          [
            77.313345,
            28.647756
          ],
          [
            77.314171,
            28.647551
          ],
          [
            77.314336,
            28.647503
          ],
          [
            77.314629,
            28.64742
          ],
          [
            77.315134,
            28.647265
          ],
          [
            77.316053,
            28.646892
          ],
          [
            77.316852,
            28.646471
          ],
          [
            77.31763,
            28.646018
          ],
          [
            77.317915,
            28.645853
          ],
          [
            77.318206,
            28.645691
          ],
          [
            77.318475,
            28.645567
          ],
          [
            77.318747,
            28.645464
          ],
          [
            77.319055,
            28.645372
          ],
          [
            77.319295,
            28.645316
          ],
          [
            77.319537,
            28.64528
          ],
          [
            77.31982,
            28.645253
          ],
          [
            77.320048,
            28.645249
          ],
          [
            77.322809,
            28.645355
          ],
          [
            77.324339,
            28.645408
          ],
          [
            77.328208,
            28.645652
          ],
          [
            77.331902,
            28.645877
          ],
          [
            77.332339,
            28.645915
          ],
          [
            77.332681,
            28.645962
          ],
          [
            77.332955,
            28.646022
          ],
          [
            77.333233,
            28.646103
          ],
          [
            77.333519,
            28.646203
          ],
          [
            77.333721,
            28.64629
          ],
          [
            77.333912,
            28.646382
          ],
          [
            77.334234,
            28.646563
          ],
          [
            77.335861,
            28.647543
          ],
          [
            77.337899,
            28.648807
          ],
          [
            77.33803,
            28.648886
          ],
          [
            77.338803,
            28.64935
          ],
          [
            77.339506,
            28.649765
          ]
        ]
      }
    },
    {
      "type": "Feature",
      "properties": {
        "id": "green-line",
        "name": "Green Line",
        "color": "#00A651"
      },
      "geometry": {
        "type": "LineString",
        "coordinates": [
          [
            77.169138,
            28.672632
          ],
          [
            77.168006,
            28.671702
          ],
          [
            77.166599,
            28.670896
          ],
          [
            77.166147,
            28.670677
          ],
          [
            77.165717,
            28.670571
          ],
          [
            77.165216,
            28.670531
          ],
          [
            77.164942,
            28.67052
          ],
          [
            77.164701,
            28.670529
          ],
          [
            77.164083,
            28.670661
          ],
          [
            77.163348,
            28.670951
          ],
          [
            77.162527,
            28.671306
          ],
          [
            77.161714,
            28.671603
          ],
          [
            77.161303,
            28.671673
          ],
          [
            77.160892,
            28.671702
          ],
          [
            77.160617,
            28.671692
          ],
          [
            77.160434,
            28.671685
          ],
          [
            77.159865,
            28.671591
          ],
          [
            77.159192,
            28.671454
          ],
          [
            77.1586,
            28.671349
          ],
          [
            77.15829,
            28.671305
          ],
          [
            77.158043,
            28.671276
          ],
          [
            77.157837,
            28.671263
          ],
          [
            77.157697,
            28.671259
          ],
          [
            77.157567,
            28.671261
          ],
          [
            77.157422,
            28.671271
          ],
          [
            77.157284,
            28.671287
          ],
          [
            77.156926,
            28.671335
          ],
          [
            77.156518,
            28.671399
          ],
          [
            77.155931,
            28.671451
          ],
          [
            77.155281,
            28.671537
          ],
          [
            77.153971,
            28.671751
          ],
          [
            77.152169,
            28.672059
          ],
          [
            77.151202,
            28.672202
          ],
          [
            77.150018,
            28.672367
          ],
          [
            77.148759,
            28.672541
          ],
          [
            77.146115,
            28.672927
          ],
          [
            77.144943,
            28.673072
          ],
          [
            77.144504,
            28.673154
          ],
          [
            77.144031,
            28.673319
          ],
          [
            77.143089,
            28.673594
          ],
          [
            77.142527,
            28.673753
          ],
          [
            77.142043,
            28.673834
          ],
          [
            77.140563,
            28.674014
          ],
          [
            77.13966,
            28.674123
          ],
          [
            77.1377,
            28.674332
          ],
          [
            77.137325,
            28.674347
          ],
          [
            77.136955,
            28.674353
          ],
          [
            77.135509,
            28.674334
          ],
          [
            77.135244,
            28.674348
          ],
          [
            77.134913,
            28.674362
          ],
          [
            77.130457,
            28.67496
          ],
          [
            77.127683,
            28.675266
          ],
          [
            77.124752,
            28.675648
          ],
          [
            77.119345,
            28.676405
          ],
          [
            77.112278,
            28.677329
          ],
          [
            77.103072,
            28.678483
          ],
          [
            77.10295,
            28.678498
          ],
          [
            77.102211,
            28.678585
          ],
          [
            77.101327,
            28.678691
          ],
          [
            77.096599,
            28.679257
          ],
          [
            77.093997,
            28.6796
          ],
          [
            77.092658,
            28.679712
          ],
          [
            77.091959,
            28.679767
          ],
          [
            77.089407,
            28.680053
          ],
          [
            77.080842,
            28.681039
          ],
          [
            77.074004,
            28.681828
          ],
          [
            77.073296,
            28.681915
          ],
          [
            77.072613,
            28.68199
          ],
          [
            77.071369,
            28.68224
          ],
          [
            77.070859,
            28.682276
          ],
          [
            77.065734,
            28.682324
          ],
          [
            77.064726,
            28.682334
          ],
          [
            77.05913,
            28.682357
          ],
          [
            77.0587,
            28.68232
          ],
          [
            77.058193,
            28.682255
          ],
          [
            77.0577,
            28.682173
          ],
          [
            77.057003,
            28.682144
          ],
          [
            77.056237,
            28.68213
          ],
          [
            77.054017,
            28.682136
          ],
          [
            77.051995,
            28.682151
          ],
          [
            77.043936,
            28.682241
          ],
          [
            77.033639,
            28.682318
          ],
          [
            77.032808,
            28.682324
          ],
          [
            77.031266,
            28.682342
          ],
          [
            77.030571,
            28.682351
          ],
          [
            77.030062,
            28.682361
          ],
          [
            77.029642,
            28.68239
          ],
          [
            77.028955,
            28.68244
          ],
          [
            77.026255,
            28.68262
          ],
          [
            77.025138,
            28.682692
          ],
          [
            77.023972,
            28.682761
          ],
          [
            77.017114,
            28.683353
          ],
          [
            77.009146,
            28.684058
          ],
          [
            77.00546,
            28.684366
          ],
          [
            77.002361,
            28.684637
          ],
          [
            76.999478,
            28.684922
          ],
          [
            76.996122,
            28.685233
          ],
          [
            76.992689,
            28.685452
          ],
          [
            76.989554,
            28.685732
          ],
          [
            76.986224,
            28.686015
          ],
          [
            76.984542,
            28.686171
          ],
          [
            76.978736,
            28.686683
          ],
          [
            76.978156,
            28.686742
          ],
          [
            76.977201,
            28.686819
          ],
          [
            76.975565,
            28.687011
          ],
          [
            76.975231,
            28.687041
          ],
          [
            76.97281,
            28.687245
          ],
          [
            76.965971,
            28.68778
          ],
          [
            76.964461,
            28.687861
          ],
          [
            76.964068,
            28.687898
          ],
          [
            76.96352,
            28.68795
          ],
          [
            76.963265,
            28.687974
          ],
          [
            76.963164,
            28.687983
          ],
          [
            76.963021,
            28.687999
          ],
          [
            76.959558,
            28.688455
          ],
          [
            76.956305,
            28.688745
          ],
          [
            76.953074,
            28.689029
          ],
          [
            76.951161,
            28.689211
          ],
          [
            76.950489,
            28.689275
          ],
          [
            76.949902,
            28.689332
          ],
          [
            76.949798,
            28.689341
          ],
          [
            76.94761,
            28.689541
          ],
          [
            76.940925,
            28.690171
          ],
          [
            76.93544,
            28.690658
          ],
          [
            76.93489,
            28.69071
          ],
          [
            76.934598,
            28.690737
          ],
          [
            76.933196,
            28.69087
          ],
          [
            76.932038,
            28.691076
          ],
          [
            76.931121,
            28.691304
          ],
          [
            76.930087,
            28.691599
          ],
          [
            76.929457,
            28.691807
          ],
          [
            76.928949,
            28.692045
          ],
          [
            76.927941,
            28.692587
          ],
          [
            76.925403,
            28.693962
          ],
          [
            76.922274,
            28.695664
          ],
          [
            76.920193,
            28.696793
          ],
          [
            76.919144,
            28.697343
          ]
        ]
      }
    },
    {
      "type": "Feature",
      "properties": {
        "id": "green-line-branch",
        "name": "Green Line Branch",
        "color": "#00A651"
      },
      "geometry": {
        "type": "LineString",
        "coordinates": [
          [
            77.151336,
            28.654555
          ],
          [
            77.15231,
            28.655817
          ],
          [
            77.153261,
            28.657072
          ],
          [
            77.153482,
            28.657478
          ],
          [
            77.154028,
            28.658558
          ],
          [
            77.15437,
            28.65904
          ],
          [
            77.156017,
            28.660888
          ],
          [
            77.1564,
            28.661252
          ],
          [
            77.157026,
            28.661722
          ],
          [
            77.157342,
            28.661943
          ],
          [
            77.157553,
            28.662079
          ],
          [
            77.159175,
            28.66307
          ],
          [
            77.160837,
            28.664001
          ],
          [
            77.161438,
            28.664352
          ],
          [
            77.162758,
            28.664985
          ],
          [
            77.163195,
            28.665223
          ],
          [
            77.163623,
            28.665566
          ],
          [
            77.163972,
            28.665952
          ],
          [
            77.164188,
            28.66642
          ],
          [
            77.164313,
            28.666923
          ],
          [
            77.164293,
            28.667335
          ],
          [
            77.164251,
            28.667623
          ],
          [
            77.164142,
            28.667998
          ],
          [
            77.164039,
            28.668216
          ],
          [
            77.16383,
            28.668548
          ],
          [
            77.16355,
            28.668815
          ],
          [
            77.163201,
            28.66908
          ],
          [
            77.162839,
            28.66926
          ],
          [
            77.161866,
            28.669691
          ],
          [
            77.160235,
            28.670371
          ],
          [
            77.159777,
            28.670563
          ],
          [
            77.159401,
            28.670707
          ],
          [
            77.159102,
            28.670808
          ],
          [
            77.158789,
            28.670908
          ],
          [
            77.15855,
            28.670968
          ],
          [
            77.158323,
            28.671022
          ],
          [
            77.15807,
            28.671077
          ],
          [
            77.157592,
            28.671176
          ],
          [
            77.157248,
            28.671241
          ],
          [
            77.156901,
            28.671297
          ],
          [
            77.155931,
            28.671451
          ],
          [
            77.155281,
            28.671537
          ]
        ]
      }
    },
    {
      "type": "Feature",
      "properties": {
        "id": "violet-line",
        "name": "Violet Line",
        "color": "#8E44AD"
      },
      "geometry": {
        "type": "LineString",
        "coordinates": [
          [
            77.228075,
            28.668686
          ],
          [
            77.229766,
            28.666401
          ],
          [
            77.231383,
            28.663985
          ],
          [
            77.231563,
            28.663781
          ],
          [
            77.23335,
            28.662567
          ],
          [
            77.233399,
            28.662536
          ],
          [
            77.233467,
            28.66249
          ],
          [
            77.23544,
            28.661147
          ],
          [
            77.235691,
            28.660932
          ],
          [
            77.236019,
            28.660418
          ],
          [
            77.236551,
            28.659609
          ],
          [
            77.236751,
            28.658244
          ],
          [
            77.236728,
            28.65748
          ],
          [
            77.236698,
            28.656778
          ],
          [
            77.236523,
            28.655855
          ],
          [
            77.236478,
            28.65533
          ],
          [
            77.236414,
            28.654582
          ],
          [
            77.236316,
            28.653422
          ],
          [
            77.236369,
            28.652577
          ],
          [
            77.236532,
            28.651981
          ],
          [
            77.236758,
            28.651302
          ],
          [
            77.2369,
            28.651094
          ],
          [
            77.237686,
            28.650045
          ],
          [
            77.238299,
            28.649232
          ],
          [
            77.239163,
            28.648329
          ],
          [
            77.239244,
            28.648128
          ],
          [
            77.239455,
            28.647609
          ],
          [
            77.240333,
            28.640823
          ],
          [
            77.240559,
            28.64012
          ],
          [
            77.24081,
            28.639221
          ],
          [
            77.24103,
            28.638542
          ],
          [
            77.241226,
            28.637865
          ],
          [
            77.241303,
            28.637211
          ],
          [
            77.241277,
            28.636001
          ],
          [
            77.241073,
            28.628191
          ],
          [
            77.241035,
            28.627918
          ],
          [
            77.240847,
            28.627497
          ],
          [
            77.240435,
            28.627054
          ],
          [
            77.239664,
            28.626485
          ],
          [
            77.239077,
            28.626122
          ],
          [
            77.23832,
            28.625708
          ],
          [
            77.237621,
            28.625474
          ],
          [
            77.236678,
            28.625365
          ],
          [
            77.234191,
            28.625493
          ],
          [
            77.230888,
            28.625708
          ],
          [
            77.220108,
            28.626207
          ],
          [
            77.219894,
            28.626193
          ],
          [
            77.219722,
            28.626159
          ],
          [
            77.219652,
            28.626124
          ],
          [
            77.219599,
            28.626072
          ],
          [
            77.2195,
            28.625937
          ],
          [
            77.219369,
            28.625605
          ],
          [
            77.219288,
            28.624047
          ],
          [
            77.219034,
            28.620592
          ],
          [
            77.218911,
            28.620192
          ],
          [
            77.218807,
            28.620005
          ],
          [
            77.218666,
            28.619839
          ],
          [
            77.218278,
            28.619631
          ],
          [
            77.21334,
            28.617494
          ],
          [
            77.212975,
            28.617215
          ],
          [
            77.212771,
            28.616812
          ],
          [
            77.212478,
            28.616366
          ],
          [
            77.21239,
            28.615873
          ],
          [
            77.212392,
            28.615283
          ],
          [
            77.212457,
            28.614806
          ],
          [
            77.212558,
            28.61453
          ],
          [
            77.21276,
            28.614251
          ],
          [
            77.22459,
            28.605152
          ],
          [
            77.227605,
            28.603239
          ],
          [
            77.229142,
            28.602264
          ],
          [
            77.229844,
            28.601819
          ],
          [
            77.230186,
            28.601533
          ],
          [
            77.230284,
            28.60112
          ],
          [
            77.230491,
            28.600285
          ],
          [
            77.230562,
            28.599998
          ],
          [
            77.230829,
            28.598915
          ],
          [
            77.231708,
            28.595357
          ],
          [
            77.233148,
            28.590891
          ],
          [
            77.233808,
            28.588249
          ],
          [
            77.234155,
            28.587803
          ],
          [
            77.234393,
            28.587498
          ],
          [
            77.237964,
            28.584941
          ],
          [
            77.238312,
            28.584526
          ],
          [
            77.239247,
            28.583355
          ],
          [
            77.239346,
            28.583041
          ],
          [
            77.239129,
            28.581189
          ],
          [
            77.238905,
            28.580534
          ],
          [
            77.238785,
            28.579779
          ],
          [
            77.238736,
            28.576842
          ],
          [
            77.23882,
            28.575199
          ],
          [
            77.238751,
            28.574772
          ],
          [
            77.238626,
            28.574385
          ],
          [
            77.238493,
            28.574059
          ],
          [
            77.2368,
            28.571242
          ],
          [
            77.236418,
            28.57057
          ],
          [
            77.236118,
            28.570045
          ],
          [
            77.235709,
            28.56938
          ],
          [
            77.235208,
            28.568566
          ],
          [
            77.234936,
            28.567904
          ],
          [
            77.234706,
            28.567251
          ],
          [
            77.234587,
            28.566675
          ],
          [
            77.234466,
            28.566043
          ],
          [
            77.234415,
            28.565767
          ],
          [
            77.234365,
            28.565481
          ],
          [
            77.234316,
            28.565064
          ],
          [
            77.234306,
            28.564914
          ],
          [
            77.234289,
            28.564674
          ],
          [
            77.234278,
            28.564404
          ],
          [
            77.234312,
            28.563275
          ],
          [
            77.234333,
            28.563052
          ],
          [
            77.234378,
            28.562684
          ],
          [
            77.234432,
            28.562257
          ],
          [
            77.234513,
            28.561832
          ],
          [
            77.234647,
            28.561372
          ],
          [
            77.234736,
            28.561148
          ],
          [
            77.234846,
            28.560938
          ],
          [
            77.235072,
            28.560593
          ],
          [
            77.23535,
            28.560241
          ],
          [
            77.235599,
            28.559959
          ],
          [
            77.235923,
            28.559681
          ],
          [
            77.236278,
            28.55942
          ],
          [
            77.236613,
            28.559226
          ],
          [
            77.237062,
            28.559016
          ],
          [
            77.237577,
            28.558797
          ],
          [
            77.238589,
            28.558509
          ],
          [
            77.23911,
            28.55829
          ],
          [
            77.239331,
            28.55814
          ],
          [
            77.239595,
            28.557944
          ],
          [
            77.23988,
            28.55769
          ],
          [
            77.241641,
            28.555658
          ],
          [
            77.241984,
            28.555344
          ],
          [
            77.242312,
            28.555065
          ],
          [
            77.245052,
            28.553107
          ],
          [
            77.245569,
            28.552794
          ],
          [
            77.247162,
            28.551992
          ],
          [
            77.247213,
            28.551958
          ],
          [
            77.247673,
            28.551762
          ],
          [
            77.248247,
            28.551622
          ],
          [
            77.248718,
            28.551544
          ],
          [
            77.249111,
            28.551517
          ],
          [
            77.250196,
            28.551479
          ],
          [
            77.251021,
            28.55145
          ],
          [
            77.251739,
            28.551441
          ],
          [
            77.252256,
            28.551454
          ],
          [
            77.252612,
            28.551492
          ],
          [
            77.253048,
            28.55154
          ],
          [
            77.254066,
            28.551713
          ],
          [
            77.254419,
            28.551794
          ],
          [
            77.254957,
            28.551899
          ],
          [
            77.255505,
            28.551962
          ],
          [
            77.256035,
            28.551941
          ],
          [
            77.256458,
            28.551866
          ],
          [
            77.256886,
            28.551758
          ],
          [
            77.257307,
            28.551544
          ],
          [
            77.2576,
            28.551337
          ],
          [
            77.257876,
            28.551141
          ],
          [
            77.258171,
            28.550849
          ],
          [
            77.258719,
            28.550037
          ],
          [
            77.259112,
            28.549496
          ],
          [
            77.259545,
            28.54905
          ],
          [
            77.260312,
            28.548327
          ],
          [
            77.260938,
            28.547911
          ],
          [
            77.261676,
            28.547418
          ],
          [
            77.262858,
            28.546706
          ],
          [
            77.263347,
            28.546323
          ],
          [
            77.263663,
            28.545923
          ],
          [
            77.264266,
            28.544377
          ],
          [
            77.265226,
            28.542243
          ],
          [
            77.265487,
            28.541687
          ],
          [
            77.265644,
            28.541428
          ],
          [
            77.26592,
            28.541115
          ],
          [
            77.266154,
            28.540911
          ],
          [
            77.266436,
            28.540717
          ],
          [
            77.266789,
            28.54053
          ],
          [
            77.267161,
            28.540391
          ],
          [
            77.267558,
            28.540292
          ],
          [
            77.268035,
            28.540231
          ],
          [
            77.268553,
            28.54023
          ],
          [
            77.268961,
            28.540288
          ],
          [
            77.269333,
            28.540397
          ],
          [
            77.270687,
            28.541003
          ],
          [
            77.273025,
            28.541927
          ],
          [
            77.273533,
            28.542153
          ],
          [
            77.274148,
            28.542482
          ],
          [
            77.275668,
            28.543282
          ],
          [
            77.276154,
            28.543529
          ],
          [
            77.276476,
            28.543664
          ],
          [
            77.276926,
            28.543782
          ],
          [
            77.277312,
            28.543843
          ],
          [
            77.277665,
            28.543853
          ],
          [
            77.27804,
            28.543815
          ],
          [
            77.278414,
            28.543749
          ],
          [
            77.27884,
            28.543622
          ],
          [
            77.279201,
            28.543468
          ],
          [
            77.279559,
            28.543227
          ],
          [
            77.279923,
            28.542888
          ],
          [
            77.280215,
            28.542572
          ],
          [
            77.281062,
            28.541432
          ],
          [
            77.281981,
            28.540283
          ],
          [
            77.282392,
            28.539512
          ],
          [
            77.283038,
            28.538425
          ],
          [
            77.284179,
            28.536478
          ],
          [
            77.285461,
            28.534328
          ],
          [
            77.285674,
            28.533982
          ],
          [
            77.285786,
            28.533776
          ],
          [
            77.285891,
            28.533582
          ],
          [
            77.285982,
            28.533409
          ],
          [
            77.286098,
            28.533158
          ],
          [
            77.286297,
            28.532703
          ],
          [
            77.286639,
            28.531918
          ],
          [
            77.286747,
            28.531678
          ],
          [
            77.286925,
            28.531261
          ],
          [
            77.287027,
            28.531027
          ],
          [
            77.287096,
            28.530867
          ],
          [
            77.287431,
            28.530103
          ],
          [
            77.287505,
            28.529942
          ],
          [
            77.287611,
            28.529726
          ],
          [
            77.287826,
            28.529337
          ],
          [
            77.287934,
            28.529163
          ],
          [
            77.288316,
            28.528588
          ],
          [
            77.288545,
            28.52828
          ],
          [
            77.288712,
            28.528077
          ],
          [
            77.288894,
            28.527873
          ],
          [
            77.289014,
            28.527738
          ],
          [
            77.289162,
            28.527579
          ],
          [
            77.289411,
            28.527336
          ],
          [
            77.28959,
            28.527163
          ],
          [
            77.290219,
            28.526589
          ],
          [
            77.290432,
            28.526395
          ],
          [
            77.290692,
            28.526157
          ],
          [
            77.290917,
            28.525959
          ],
          [
            77.291053,
            28.525832
          ],
          [
            77.291302,
            28.525603
          ],
          [
            77.291432,
            28.525476
          ],
          [
            77.291561,
            28.525341
          ],
          [
            77.291692,
            28.525192
          ],
          [
            77.291771,
            28.525094
          ],
          [
            77.29188,
            28.524952
          ],
          [
            77.29203,
            28.524733
          ],
          [
            77.292136,
            28.524562
          ],
          [
            77.292243,
            28.524361
          ],
          [
            77.292645,
            28.523544
          ],
          [
            77.293273,
            28.522228
          ],
          [
            77.293902,
            28.520908
          ],
          [
            77.294122,
            28.520439
          ],
          [
            77.29448,
            28.519725
          ],
          [
            77.294954,
            28.518749
          ],
          [
            77.295207,
            28.518166
          ],
          [
            77.295715,
            28.516937
          ],
          [
            77.296282,
            28.515519
          ],
          [
            77.296796,
            28.514346
          ],
          [
            77.298452,
            28.510354
          ],
          [
            77.299158,
            28.508635
          ],
          [
            77.300156,
            28.506425
          ],
          [
            77.300244,
            28.506169
          ],
          [
            77.300303,
            28.505913
          ],
          [
            77.300341,
            28.505632
          ],
          [
            77.300341,
            28.505348
          ],
          [
            77.300302,
            28.505002
          ],
          [
            77.300056,
            28.5043
          ],
          [
            77.29924,
            28.50236
          ],
          [
            77.298781,
            28.501144
          ],
          [
            77.29872,
            28.500701
          ],
          [
            77.29872,
            28.500293
          ],
          [
            77.298855,
            28.499783
          ],
          [
            77.298918,
            28.499608
          ],
          [
            77.29899,
            28.499462
          ],
          [
            77.299082,
            28.499318
          ],
          [
            77.299176,
            28.499178
          ],
          [
            77.299262,
            28.499061
          ],
          [
            77.299391,
            28.498914
          ],
          [
            77.29953,
            28.498772
          ],
          [
            77.29968,
            28.498638
          ],
          [
            77.299822,
            28.498531
          ],
          [
            77.300045,
            28.498384
          ],
          [
            77.300688,
            28.497968
          ],
          [
            77.301115,
            28.497696
          ],
          [
            77.301391,
            28.497502
          ],
          [
            77.301533,
            28.497393
          ],
          [
            77.301673,
            28.497255
          ],
          [
            77.301815,
            28.497106
          ],
          [
            77.301944,
            28.496935
          ],
          [
            77.302049,
            28.496765
          ],
          [
            77.302165,
            28.49658
          ],
          [
            77.30225,
            28.496401
          ],
          [
            77.302324,
            28.496233
          ],
          [
            77.30238,
            28.496053
          ],
          [
            77.302437,
            28.495821
          ],
          [
            77.302724,
            28.494498
          ],
          [
            77.303024,
            28.49317
          ],
          [
            77.30381,
            28.489719
          ],
          [
            77.303937,
            28.489133
          ],
          [
            77.304013,
            28.48857
          ],
          [
            77.304133,
            28.487258
          ],
          [
            77.304313,
            28.485497
          ],
          [
            77.304536,
            28.483876
          ],
          [
            77.3047,
            28.482006
          ],
          [
            77.304918,
            28.47797
          ],
          [
            77.305157,
            28.475882
          ],
          [
            77.305218,
            28.474549
          ],
          [
            77.305224,
            28.473827
          ],
          [
            77.305437,
            28.47321
          ],
          [
            77.305904,
            28.472383
          ],
          [
            77.306167,
            28.471875
          ],
          [
            77.306296,
            28.471394
          ],
          [
            77.3064,
            28.470031
          ],
          [
            77.306503,
            28.468036
          ],
          [
            77.307001,
            28.462366
          ],
          [
            77.307186,
            28.460262
          ],
          [
            77.307273,
            28.459082
          ],
          [
            77.307393,
            28.457779
          ],
          [
            77.307663,
            28.454413
          ],
          [
            77.307925,
            28.451059
          ],
          [
            77.308095,
            28.44862
          ],
          [
            77.308189,
            28.447619
          ],
          [
            77.308243,
            28.446818
          ],
          [
            77.308594,
            28.44351
          ],
          [
            77.308833,
            28.440472
          ],
          [
            77.309063,
            28.43816
          ],
          [
            77.309397,
            28.433649
          ],
          [
            77.3098,
            28.428846
          ],
          [
            77.310377,
            28.422714
          ],
          [
            77.310906,
            28.416557
          ],
          [
            77.311004,
            28.415285
          ],
          [
            77.311173,
            28.413998
          ],
          [
            77.31124,
            28.41337
          ],
          [
            77.311267,
            28.413036
          ],
          [
            77.311462,
            28.410836
          ],
          [
            77.311531,
            28.410058
          ],
          [
            77.31164,
            28.408438
          ],
          [
            77.311686,
            28.408019
          ],
          [
            77.311703,
            28.407822
          ],
          [
            77.311713,
            28.407661
          ],
          [
            77.311714,
            28.407503
          ],
          [
            77.311706,
            28.406505
          ],
          [
            77.311722,
            28.406056
          ],
          [
            77.311873,
            28.404234
          ],
          [
            77.312126,
            28.40145
          ],
          [
            77.312435,
            28.397488
          ],
          [
            77.312946,
            28.391284
          ],
          [
            77.313249,
            28.387962
          ],
          [
            77.313462,
            28.385836
          ],
          [
            77.313514,
            28.385105
          ],
          [
            77.313702,
            28.382426
          ],
          [
            77.313904,
            28.380469
          ],
          [
            77.314147,
            28.377476
          ],
          [
            77.314333,
            28.375655
          ],
          [
            77.314557,
            28.37443
          ],
          [
            77.314664,
            28.37318
          ],
          [
            77.314873,
            28.3708
          ],
          [
            77.31492,
            28.370234
          ],
          [
            77.315085,
            28.368083
          ],
          [
            77.315215,
            28.366821
          ],
          [
            77.315248,
            28.366422
          ],
          [
            77.315454,
            28.363753
          ],
          [
            77.315647,
            28.361567
          ],
          [
            77.315766,
            28.360112
          ],
          [
            77.315976,
            28.357682
          ],
          [
            77.316226,
            28.354651
          ],
          [
            77.316439,
            28.352016
          ],
          [
            77.316573,
            28.350604
          ],
          [
            77.316562,
            28.350264
          ],
          [
            77.316529,
            28.349988
          ],
          [
            77.3162,
            28.348631
          ],
          [
            77.31612,
            28.347842
          ],
          [
            77.316168,
            28.347068
          ],
          [
            77.316275,
            28.345694
          ],
          [
            77.316433,
            28.344186
          ],
          [
            77.316799,
            28.342829
          ],
          [
            77.316836,
            28.342651
          ],
          [
            77.316844,
            28.342413
          ],
          [
            77.316828,
            28.34209
          ],
          [
            77.316788,
            28.341787
          ],
          [
            77.31664,
            28.340919
          ],
          [
            77.316479,
            28.340005
          ]
        ]
      }
    },
    {
      "type": "Feature",
      "properties": {
        "id": "pink-line",
        "name": "Pink Line",
        "color": "#FF69B4"
      },
      "geometry": {
        "type": "LineString",
        "coordinates": [
          [
            77.289266,
            28.724851
          ],
          [
            77.289402,
            28.722465
          ],
          [
            77.289457,
            28.721431
          ],
          [
            77.289517,
            28.720647
          ],
          [
            77.289645,
            28.718546
          ],
          [
            77.289843,
            28.715364
          ],
          [
            77.28994,
            28.71426
          ],
          [
            77.290024,
            28.713574
          ],
          [
            77.290156,
            28.712887
          ],
          [
            77.290382,
            28.712296
          ],
          [
            77.290699,
            28.711519
          ],
          [
            77.290819,
            28.71111
          ],
          [
            77.290849,
            28.710818
          ],
          [
            77.290803,
            28.710383
          ],
          [
            77.290634,
            28.709964
          ],
          [
            77.290267,
            28.709334
          ],
          [
            77.289095,
            28.707073
          ],
          [
            77.288733,
            28.706422
          ],
          [
            77.287737,
            28.704869
          ],
          [
            77.286131,
            28.702422
          ],
          [
            77.284902,
            28.7007
          ],
          [
            77.283891,
            28.699234
          ],
          [
            77.28329,
            28.698254
          ],
          [
            77.282906,
            28.697527
          ],
          [
            77.282838,
            28.697407
          ],
          [
            77.282655,
            28.697131
          ],
          [
            77.282528,
            28.696967
          ],
          [
            77.282389,
            28.696796
          ],
          [
            77.28204,
            28.696409
          ],
          [
            77.281867,
            28.696207
          ],
          [
            77.281707,
            28.695993
          ],
          [
            77.281587,
            28.69581
          ],
          [
            77.281474,
            28.695618
          ],
          [
            77.281044,
            28.694798
          ],
          [
            77.280662,
            28.693989
          ],
          [
            77.280443,
            28.693538
          ],
          [
            77.280287,
            28.69324
          ],
          [
            77.280006,
            28.692702
          ],
          [
            77.279687,
            28.692093
          ],
          [
            77.279292,
            28.691329
          ],
          [
            77.279235,
            28.691217
          ],
          [
            77.27911,
            28.691023
          ],
          [
            77.278992,
            28.690841
          ],
          [
            77.278824,
            28.690521
          ],
          [
            77.27863,
            28.690203
          ],
          [
            77.278454,
            28.689863
          ],
          [
            77.278213,
            28.689396
          ],
          [
            77.278004,
            28.689015
          ],
          [
            77.277877,
            28.688805
          ],
          [
            77.277687,
            28.688522
          ],
          [
            77.277173,
            28.687779
          ],
          [
            77.277034,
            28.687567
          ],
          [
            77.276889,
            28.687317
          ],
          [
            77.27665,
            28.686879
          ],
          [
            77.276413,
            28.686433
          ],
          [
            77.275729,
            28.685057
          ],
          [
            77.275381,
            28.684227
          ],
          [
            77.274872,
            28.682711
          ],
          [
            77.274619,
            28.681976
          ],
          [
            77.274458,
            28.681598
          ],
          [
            77.272702,
            28.678345
          ],
          [
            77.272169,
            28.677343
          ],
          [
            77.270891,
            28.674937
          ],
          [
            77.270694,
            28.674427
          ],
          [
            77.270627,
            28.674174
          ],
          [
            77.270595,
            28.673824
          ],
          [
            77.270674,
            28.673377
          ],
          [
            77.270802,
            28.673049
          ],
          [
            77.270933,
            28.672801
          ],
          [
            77.271256,
            28.672418
          ],
          [
            77.271568,
            28.672159
          ],
          [
            77.271973,
            28.671958
          ],
          [
            77.272394,
            28.671803
          ],
          [
            77.272789,
            28.671757
          ],
          [
            77.273339,
            28.671751
          ],
          [
            77.274696,
            28.67198
          ],
          [
            77.276936,
            28.672407
          ],
          [
            77.277776,
            28.672561
          ],
          [
            77.278243,
            28.672584
          ],
          [
            77.278589,
            28.672568
          ],
          [
            77.278923,
            28.672514
          ],
          [
            77.279345,
            28.672399
          ],
          [
            77.279673,
            28.672249
          ],
          [
            77.280033,
            28.671988
          ],
          [
            77.280273,
            28.671787
          ],
          [
            77.280446,
            28.671607
          ],
          [
            77.280609,
            28.671409
          ],
          [
            77.280777,
            28.671094
          ],
          [
            77.280858,
            28.670769
          ],
          [
            77.281006,
            28.66985
          ],
          [
            77.281131,
            28.66937
          ],
          [
            77.281315,
            28.668876
          ],
          [
            77.281596,
            28.66844
          ],
          [
            77.282002,
            28.667861
          ],
          [
            77.283744,
            28.666111
          ],
          [
            77.283917,
            28.665928
          ],
          [
            77.284041,
            28.66578
          ],
          [
            77.284151,
            28.665639
          ],
          [
            77.28486,
            28.664686
          ],
          [
            77.285302,
            28.664095
          ],
          [
            77.285796,
            28.663469
          ],
          [
            77.288587,
            28.659943
          ],
          [
            77.289344,
            28.658877
          ],
          [
            77.290163,
            28.657795
          ],
          [
            77.291317,
            28.656348
          ],
          [
            77.29145,
            28.656156
          ],
          [
            77.29154,
            28.656005
          ],
          [
            77.291634,
            28.655822
          ],
          [
            77.29173,
            28.655603
          ],
          [
            77.292025,
            28.654869
          ],
          [
            77.292108,
            28.654702
          ],
          [
            77.292202,
            28.654539
          ],
          [
            77.292291,
            28.654407
          ],
          [
            77.292414,
            28.654253
          ],
          [
            77.292565,
            28.654101
          ],
          [
            77.292735,
            28.653959
          ],
          [
            77.293079,
            28.653752
          ],
          [
            77.293544,
            28.65355
          ],
          [
            77.294019,
            28.653446
          ],
          [
            77.2944,
            28.653427
          ],
          [
            77.294789,
            28.653468
          ],
          [
            77.295788,
            28.653646
          ],
          [
            77.296905,
            28.653902
          ],
          [
            77.297407,
            28.654098
          ],
          [
            77.298624,
            28.654629
          ],
          [
            77.299149,
            28.654835
          ],
          [
            77.299522,
            28.65491
          ],
          [
            77.299711,
            28.654919
          ],
          [
            77.30005,
            28.654934
          ],
          [
            77.300451,
            28.654866
          ],
          [
            77.300774,
            28.654759
          ],
          [
            77.301093,
            28.654593
          ],
          [
            77.301373,
            28.654418
          ],
          [
            77.30208,
            28.653705
          ],
          [
            77.302921,
            28.652838
          ],
          [
            77.303789,
            28.651967
          ],
          [
            77.304637,
            28.651131
          ],
          [
            77.30507,
            28.650706
          ],
          [
            77.305389,
            28.650352
          ],
          [
            77.305617,
            28.650071
          ],
          [
            77.305823,
            28.649773
          ],
          [
            77.30586,
            28.649719
          ],
          [
            77.306139,
            28.6493
          ],
          [
            77.306417,
            28.648908
          ],
          [
            77.306572,
            28.648676
          ],
          [
            77.306618,
            28.648607
          ],
          [
            77.306988,
            28.648169
          ],
          [
            77.307159,
            28.648002
          ],
          [
            77.307259,
            28.647898
          ],
          [
            77.307366,
            28.647799
          ],
          [
            77.307479,
            28.647704
          ],
          [
            77.307597,
            28.647616
          ],
          [
            77.307721,
            28.647533
          ],
          [
            77.307849,
            28.647456
          ],
          [
            77.307988,
            28.647382
          ],
          [
            77.308132,
            28.647314
          ],
          [
            77.308279,
            28.647254
          ],
          [
            77.30843,
            28.647201
          ],
          [
            77.308585,
            28.647156
          ],
          [
            77.308742,
            28.647118
          ],
          [
            77.308901,
            28.647088
          ],
          [
            77.309061,
            28.647066
          ],
          [
            77.309223,
            28.647052
          ],
          [
            77.309386,
            28.647046
          ],
          [
            77.309549,
            28.647047
          ],
          [
            77.309711,
            28.647057
          ],
          [
            77.309873,
            28.647074
          ],
          [
            77.310831,
            28.647287
          ],
          [
            77.311941,
            28.647529
          ],
          [
            77.312241,
            28.647574
          ],
          [
            77.312423,
            28.647588
          ],
          [
            77.312606,
            28.647594
          ],
          [
            77.312788,
            28.64759
          ],
          [
            77.31297,
            28.647577
          ],
          [
            77.313151,
            28.647556
          ],
          [
            77.31333,
            28.647525
          ],
          [
            77.313507,
            28.647486
          ],
          [
            77.313659,
            28.647445
          ],
          [
            77.313808,
            28.647397
          ],
          [
            77.313954,
            28.647343
          ],
          [
            77.314096,
            28.647283
          ],
          [
            77.315003,
            28.646897
          ],
          [
            77.315407,
            28.646714
          ],
          [
            77.315831,
            28.646521
          ],
          [
            77.316236,
            28.646289
          ],
          [
            77.316348,
            28.646223
          ],
          [
            77.316455,
            28.646151
          ],
          [
            77.316556,
            28.646073
          ],
          [
            77.316651,
            28.645989
          ],
          [
            77.31674,
            28.645899
          ],
          [
            77.316822,
            28.645805
          ],
          [
            77.316897,
            28.645707
          ],
          [
            77.316965,
            28.645602
          ],
          [
            77.317026,
            28.645494
          ],
          [
            77.317078,
            28.645382
          ],
          [
            77.317121,
            28.645268
          ],
          [
            77.317156,
            28.645151
          ],
          [
            77.317182,
            28.645033
          ],
          [
            77.317199,
            28.644913
          ],
          [
            77.317206,
            28.644793
          ],
          [
            77.317205,
            28.644672
          ],
          [
            77.317194,
            28.644552
          ],
          [
            77.317002,
            28.643909
          ],
          [
            77.316534,
            28.642448
          ],
          [
            77.316259,
            28.641794
          ],
          [
            77.315996,
            28.641431
          ],
          [
            77.315711,
            28.641076
          ],
          [
            77.315434,
            28.640767
          ],
          [
            77.315171,
            28.640421
          ],
          [
            77.314904,
            28.639752
          ],
          [
            77.31468,
            28.639055
          ],
          [
            77.314414,
            28.638498
          ],
          [
            77.314225,
            28.638177
          ],
          [
            77.313913,
            28.637849
          ],
          [
            77.313579,
            28.63761
          ],
          [
            77.313198,
            28.637418
          ],
          [
            77.312871,
            28.637318
          ],
          [
            77.312672,
            28.637263
          ],
          [
            77.312443,
            28.637222
          ],
          [
            77.312222,
            28.637194
          ],
          [
            77.311961,
            28.637184
          ],
          [
            77.311675,
            28.637192
          ],
          [
            77.311393,
            28.637196
          ],
          [
            77.311232,
            28.637188
          ],
          [
            77.311066,
            28.637172
          ],
          [
            77.310906,
            28.637148
          ],
          [
            77.310742,
            28.637105
          ],
          [
            77.310447,
            28.636986
          ],
          [
            77.310262,
            28.636884
          ],
          [
            77.310115,
            28.636783
          ],
          [
            77.309972,
            28.636675
          ],
          [
            77.309887,
            28.636589
          ],
          [
            77.309775,
            28.636476
          ],
          [
            77.309692,
            28.636368
          ],
          [
            77.309616,
            28.636254
          ],
          [
            77.309558,
            28.636158
          ],
          [
            77.309505,
            28.636038
          ],
          [
            77.309464,
            28.63593
          ],
          [
            77.309429,
            28.635813
          ],
          [
            77.3094,
            28.635687
          ],
          [
            77.309382,
            28.635563
          ],
          [
            77.309374,
            28.635421
          ],
          [
            77.309378,
            28.635295
          ],
          [
            77.309386,
            28.635179
          ],
          [
            77.309408,
            28.635052
          ],
          [
            77.309436,
            28.634937
          ],
          [
            77.309476,
            28.634813
          ],
          [
            77.309528,
            28.634685
          ],
          [
            77.309873,
            28.633897
          ],
          [
            77.30996,
            28.633702
          ],
          [
            77.31076,
            28.631898
          ],
          [
            77.311385,
            28.63043
          ],
          [
            77.31152,
            28.630114
          ],
          [
            77.311626,
            28.629864
          ],
          [
            77.31166,
            28.629784
          ],
          [
            77.311831,
            28.629429
          ],
          [
            77.312116,
            28.62873
          ],
          [
            77.31216,
            28.628584
          ],
          [
            77.312185,
            28.628455
          ],
          [
            77.312207,
            28.628281
          ],
          [
            77.312209,
            28.628124
          ],
          [
            77.312202,
            28.627969
          ],
          [
            77.312181,
            28.627827
          ],
          [
            77.312156,
            28.6277
          ],
          [
            77.312115,
            28.62756
          ],
          [
            77.312059,
            28.627422
          ],
          [
            77.31199,
            28.627282
          ],
          [
            77.311935,
            28.627185
          ],
          [
            77.31186,
            28.627073
          ],
          [
            77.311781,
            28.626968
          ],
          [
            77.311685,
            28.626849
          ],
          [
            77.311587,
            28.626757
          ],
          [
            77.311484,
            28.626669
          ],
          [
            77.31136,
            28.626578
          ],
          [
            77.311241,
            28.626497
          ],
          [
            77.311116,
            28.626424
          ],
          [
            77.310999,
            28.626363
          ],
          [
            77.310878,
            28.626311
          ],
          [
            77.310735,
            28.62626
          ],
          [
            77.310587,
            28.626217
          ],
          [
            77.310437,
            28.626184
          ],
          [
            77.310285,
            28.626158
          ],
          [
            77.310131,
            28.626142
          ],
          [
            77.309976,
            28.626134
          ],
          [
            77.309821,
            28.626136
          ],
          [
            77.308889,
            28.626163
          ],
          [
            77.308658,
            28.626175
          ],
          [
            77.308435,
            28.626162
          ],
          [
            77.30826,
            28.626142
          ],
          [
            77.307963,
            28.626084
          ],
          [
            77.304479,
            28.624961
          ],
          [
            77.303721,
            28.624683
          ],
          [
            77.303237,
            28.624505
          ],
          [
            77.30309,
            28.624447
          ],
          [
            77.302947,
            28.62438
          ],
          [
            77.30281,
            28.624304
          ],
          [
            77.302679,
            28.624221
          ],
          [
            77.302554,
            28.62413
          ],
          [
            77.302437,
            28.624033
          ],
          [
            77.302327,
            28.623928
          ],
          [
            77.302226,
            28.623818
          ],
          [
            77.302133,
            28.623701
          ],
          [
            77.302049,
            28.62358
          ],
          [
            77.301974,
            28.623454
          ],
          [
            77.301909,
            28.623324
          ],
          [
            77.301855,
            28.62319
          ],
          [
            77.30181,
            28.623053
          ],
          [
            77.301776,
            28.622915
          ],
          [
            77.301753,
            28.622774
          ],
          [
            77.30174,
            28.622632
          ],
          [
            77.301738,
            28.62249
          ],
          [
            77.301747,
            28.622349
          ],
          [
            77.301766,
            28.622208
          ],
          [
            77.301797,
            28.622068
          ],
          [
            77.301837,
            28.621931
          ],
          [
            77.301889,
            28.621796
          ],
          [
            77.30195,
            28.621664
          ],
          [
            77.302019,
            28.62154
          ],
          [
            77.302097,
            28.62142
          ],
          [
            77.302183,
            28.621305
          ],
          [
            77.302278,
            28.621195
          ],
          [
            77.302381,
            28.62109
          ],
          [
            77.302492,
            28.620992
          ],
          [
            77.302609,
            28.6209
          ],
          [
            77.302733,
            28.620815
          ],
          [
            77.302863,
            28.620737
          ],
          [
            77.302999,
            28.620667
          ],
          [
            77.303139,
            28.620604
          ],
          [
            77.303284,
            28.62055
          ],
          [
            77.303433,
            28.620504
          ],
          [
            77.303584,
            28.620466
          ],
          [
            77.304664,
            28.620254
          ],
          [
            77.30542,
            28.620097
          ],
          [
            77.307284,
            28.619762
          ],
          [
            77.307599,
            28.619684
          ],
          [
            77.307865,
            28.6196
          ],
          [
            77.308031,
            28.619534
          ],
          [
            77.308193,
            28.619458
          ],
          [
            77.30835,
            28.619375
          ],
          [
            77.3085,
            28.619283
          ],
          [
            77.308644,
            28.619184
          ],
          [
            77.308782,
            28.619078
          ],
          [
            77.308912,
            28.618964
          ],
          [
            77.309034,
            28.618844
          ],
          [
            77.309148,
            28.618718
          ],
          [
            77.309253,
            28.618587
          ],
          [
            77.309349,
            28.61845
          ],
          [
            77.309436,
            28.618308
          ],
          [
            77.309513,
            28.618162
          ],
          [
            77.30958,
            28.618013
          ],
          [
            77.309637,
            28.61786
          ],
          [
            77.309682,
            28.61771
          ],
          [
            77.309718,
            28.617558
          ],
          [
            77.309743,
            28.617404
          ],
          [
            77.309759,
            28.61725
          ],
          [
            77.309764,
            28.617095
          ],
          [
            77.30976,
            28.61694
          ],
          [
            77.309745,
            28.616785
          ],
          [
            77.309721,
            28.616632
          ],
          [
            77.309686,
            28.61648
          ],
          [
            77.309259,
            28.614886
          ],
          [
            77.30888,
            28.613435
          ],
          [
            77.308568,
            28.612279
          ],
          [
            77.308482,
            28.611843
          ],
          [
            77.308495,
            28.611505
          ],
          [
            77.308688,
            28.610772
          ],
          [
            77.308766,
            28.610417
          ],
          [
            77.308789,
            28.610122
          ],
          [
            77.308751,
            28.609911
          ],
          [
            77.30869,
            28.609506
          ],
          [
            77.308628,
            28.6093
          ],
          [
            77.308542,
            28.60915
          ],
          [
            77.308412,
            28.60901
          ],
          [
            77.308106,
            28.608777
          ],
          [
            77.307631,
            28.608525
          ],
          [
            77.306823,
            28.608269
          ],
          [
            77.305024,
            28.607731
          ],
          [
            77.303554,
            28.60729
          ],
          [
            77.302065,
            28.606852
          ],
          [
            77.300125,
            28.606266
          ],
          [
            77.298712,
            28.605833
          ],
          [
            77.298042,
            28.605631
          ],
          [
            77.29635,
            28.605123
          ],
          [
            77.294245,
            28.604486
          ],
          [
            77.29412,
            28.604452
          ],
          [
            77.293783,
            28.604362
          ],
          [
            77.293137,
            28.604274
          ],
          [
            77.292629,
            28.604195
          ],
          [
            77.292228,
            28.604096
          ],
          [
            77.291778,
            28.603937
          ],
          [
            77.290952,
            28.603617
          ],
          [
            77.290655,
            28.603497
          ],
          [
            77.290619,
            28.603482
          ],
          [
            77.290343,
            28.603365
          ],
          [
            77.290084,
            28.603257
          ],
          [
            77.289953,
            28.603207
          ],
          [
            77.289827,
            28.603155
          ],
          [
            77.289586,
            28.603063
          ],
          [
            77.288737,
            28.602718
          ],
          [
            77.288098,
            28.602499
          ],
          [
            77.287559,
            28.602377
          ],
          [
            77.287001,
            28.602302
          ],
          [
            77.286571,
            28.602278
          ],
          [
            77.286103,
            28.602296
          ],
          [
            77.285715,
            28.602332
          ],
          [
            77.285195,
            28.602436
          ],
          [
            77.28452,
            28.602647
          ],
          [
            77.282613,
            28.603291
          ],
          [
            77.278348,
            28.604714
          ],
          [
            77.277671,
            28.604899
          ],
          [
            77.276956,
            28.604992
          ],
          [
            77.276339,
            28.605039
          ],
          [
            77.275924,
            28.605034
          ],
          [
            77.275469,
            28.605011
          ],
          [
            77.275052,
            28.604961
          ],
          [
            77.274576,
            28.60488
          ],
          [
            77.274139,
            28.604772
          ],
          [
            77.273543,
            28.60459
          ],
          [
            77.27248,
            28.60413
          ],
          [
            77.26994,
            28.602988
          ],
          [
            77.268216,
            28.602198
          ],
          [
            77.266512,
            28.601437
          ],
          [
            77.263972,
            28.600286
          ],
          [
            77.261249,
            28.599063
          ],
          [
            77.260367,
            28.598677
          ],
          [
            77.260002,
            28.598495
          ],
          [
            77.259576,
            28.598245
          ],
          [
            77.259337,
            28.598057
          ],
          [
            77.258929,
            28.597718
          ],
          [
            77.258758,
            28.597535
          ],
          [
            77.258578,
            28.597308
          ],
          [
            77.258286,
            28.596889
          ],
          [
            77.258125,
            28.596571
          ],
          [
            77.257725,
            28.595882
          ],
          [
            77.257465,
            28.595382
          ],
          [
            77.256995,
            28.593932
          ],
          [
            77.256946,
            28.592568
          ],
          [
            77.257116,
            28.589833
          ],
          [
            77.257281,
            28.588754
          ],
          [
            77.257386,
            28.5883
          ],
          [
            77.259169,
            28.58062
          ],
          [
            77.260047,
            28.576837
          ],
          [
            77.260385,
            28.575336
          ],
          [
            77.260657,
            28.574698
          ],
          [
            77.260558,
            28.574335
          ],
          [
            77.259939,
            28.573555
          ],
          [
            77.259302,
            28.572877
          ],
          [
            77.258629,
            28.572406
          ],
          [
            77.258122,
            28.572003
          ],
          [
            77.254519,
            28.568402
          ],
          [
            77.253492,
            28.567382
          ],
          [
            77.25265,
            28.566727
          ],
          [
            77.251647,
            28.566202
          ],
          [
            77.250844,
            28.565951
          ],
          [
            77.248735,
            28.565794
          ],
          [
            77.24838,
            28.565768
          ],
          [
            77.247065,
            28.565927
          ],
          [
            77.240698,
            28.568753
          ],
          [
            77.239039,
            28.569232
          ],
          [
            77.238266,
            28.569541
          ],
          [
            77.23765,
            28.569793
          ],
          [
            77.237012,
            28.570062
          ],
          [
            77.235864,
            28.570541
          ],
          [
            77.235092,
            28.57074
          ],
          [
            77.234146,
            28.571031
          ],
          [
            77.230815,
            28.570606
          ],
          [
            77.225026,
            28.568727
          ],
          [
            77.223776,
            28.568321
          ],
          [
            77.221517,
            28.568501
          ],
          [
            77.22056,
            28.568543
          ],
          [
            77.218747,
            28.568633
          ],
          [
            77.217414,
            28.568849
          ],
          [
            77.216728,
            28.569391
          ],
          [
            77.216323,
            28.569711
          ],
          [
            77.215843,
            28.57009
          ],
          [
            77.214154,
            28.572372
          ],
          [
            77.212039,
            28.57338
          ],
          [
            77.209353,
            28.573456
          ],
          [
            77.207579,
            28.573627
          ],
          [
            77.2067,
            28.573773
          ],
          [
            77.205917,
            28.573886
          ],
          [
            77.205081,
            28.574073
          ],
          [
            77.203086,
            28.574957
          ],
          [
            77.201366,
            28.575718
          ],
          [
            77.200611,
            28.575862
          ],
          [
            77.198077,
            28.575794
          ],
          [
            77.196376,
            28.575731
          ],
          [
            77.195177,
            28.575264
          ],
          [
            77.194551,
            28.574548
          ],
          [
            77.193686,
            28.571864
          ],
          [
            77.192803,
            28.570622
          ],
          [
            77.190288,
            28.57005
          ],
          [
            77.18786,
            28.570239
          ],
          [
            77.186736,
            28.570286
          ],
          [
            77.184358,
            28.570397
          ],
          [
            77.182841,
            28.57063
          ],
          [
            77.182402,
            28.57077
          ],
          [
            77.181902,
            28.571004
          ],
          [
            77.181576,
            28.57117
          ],
          [
            77.181231,
            28.571376
          ],
          [
            77.180981,
            28.571543
          ],
          [
            77.18075,
            28.571708
          ],
          [
            77.180377,
            28.571991
          ],
          [
            77.180051,
            28.572278
          ],
          [
            77.179591,
            28.572733
          ],
          [
            77.179338,
            28.573023
          ],
          [
            77.179093,
            28.573333
          ],
          [
            77.178784,
            28.573786
          ],
          [
            77.178494,
            28.574274
          ],
          [
            77.177678,
            28.57554
          ],
          [
            77.177067,
            28.576312
          ],
          [
            77.176426,
            28.577273
          ],
          [
            77.175709,
            28.578525
          ],
          [
            77.175161,
            28.579503
          ],
          [
            77.175001,
            28.579804
          ],
          [
            77.174885,
            28.580055
          ],
          [
            77.174682,
            28.580552
          ],
          [
            77.174307,
            28.58146
          ],
          [
            77.174219,
            28.581657
          ],
          [
            77.174059,
            28.581982
          ],
          [
            77.173951,
            28.582178
          ],
          [
            77.173243,
            28.583409
          ],
          [
            77.172959,
            28.583906
          ],
          [
            77.172813,
            28.584156
          ],
          [
            77.172072,
            28.585261
          ],
          [
            77.171842,
            28.585654
          ],
          [
            77.171725,
            28.585842
          ],
          [
            77.171426,
            28.586286
          ],
          [
            77.17114,
            28.586696
          ],
          [
            77.170764,
            28.587248
          ],
          [
            77.170449,
            28.587758
          ],
          [
            77.170152,
            28.588164
          ],
          [
            77.169918,
            28.588545
          ],
          [
            77.169438,
            28.589282
          ],
          [
            77.169404,
            28.589332
          ],
          [
            77.168888,
            28.590099
          ],
          [
            77.168672,
            28.590475
          ],
          [
            77.168298,
            28.590994
          ],
          [
            77.167706,
            28.591684
          ],
          [
            77.167046,
            28.592413
          ],
          [
            77.166769,
            28.592876
          ],
          [
            77.166529,
            28.593175
          ],
          [
            77.166332,
            28.593433
          ],
          [
            77.165366,
            28.594724
          ],
          [
            77.164784,
            28.595658
          ],
          [
            77.164229,
            28.596631
          ],
          [
            77.1636,
            28.597751
          ],
          [
            77.163279,
            28.598327
          ],
          [
            77.162415,
            28.599112
          ],
          [
            77.160733,
            28.600647
          ],
          [
            77.159282,
            28.601746
          ],
          [
            77.15861,
            28.602265
          ],
          [
            77.157832,
            28.60282
          ],
          [
            77.157027,
            28.603422
          ],
          [
            77.156562,
            28.60369
          ],
          [
            77.156069,
            28.603854
          ],
          [
            77.155298,
            28.604006
          ],
          [
            77.153582,
            28.604268
          ],
          [
            77.15001,
            28.604792
          ],
          [
            77.148232,
            28.605097
          ],
          [
            77.145902,
            28.605433
          ],
          [
            77.144596,
            28.60566
          ],
          [
            77.143542,
            28.606005
          ],
          [
            77.142662,
            28.60646
          ],
          [
            77.142196,
            28.606792
          ],
          [
            77.141495,
            28.607369
          ],
          [
            77.140763,
            28.608117
          ],
          [
            77.140378,
            28.6086
          ],
          [
            77.139935,
            28.609152
          ],
          [
            77.139217,
            28.610182
          ],
          [
            77.138199,
            28.6114
          ],
          [
            77.137862,
            28.61183
          ],
          [
            77.137357,
            28.612487
          ],
          [
            77.136979,
            28.612948
          ],
          [
            77.136679,
            28.613488
          ],
          [
            77.136461,
            28.614368
          ],
          [
            77.136531,
            28.615018
          ],
          [
            77.13682,
            28.615937
          ],
          [
            77.136885,
            28.616629
          ],
          [
            77.137046,
            28.620295
          ],
          [
            77.137052,
            28.620513
          ],
          [
            77.137064,
            28.620895
          ],
          [
            77.137157,
            28.621717
          ],
          [
            77.137132,
            28.622289
          ],
          [
            77.136962,
            28.622937
          ],
          [
            77.136413,
            28.624373
          ],
          [
            77.135414,
            28.626101
          ],
          [
            77.135167,
            28.626334
          ],
          [
            77.13481,
            28.626588
          ],
          [
            77.134403,
            28.627075
          ],
          [
            77.13391,
            28.628168
          ],
          [
            77.133722,
            28.628677
          ],
          [
            77.133464,
            28.629556
          ],
          [
            77.132922,
            28.630978
          ],
          [
            77.132626,
            28.631669
          ],
          [
            77.132271,
            28.632214
          ],
          [
            77.131727,
            28.632918
          ],
          [
            77.131104,
            28.633639
          ],
          [
            77.130808,
            28.634094
          ],
          [
            77.130665,
            28.63436
          ],
          [
            77.130227,
            28.635446
          ],
          [
            77.129701,
            28.637166
          ],
          [
            77.129308,
            28.638653
          ],
          [
            77.12917,
            28.639123
          ],
          [
            77.128563,
            28.640704
          ],
          [
            77.127934,
            28.642463
          ],
          [
            77.127463,
            28.643671
          ],
          [
            77.126013,
            28.647294
          ],
          [
            77.12558,
            28.648507
          ],
          [
            77.125044,
            28.649564
          ],
          [
            77.124224,
            28.651176
          ],
          [
            77.123941,
            28.651747
          ],
          [
            77.12378,
            28.652492
          ],
          [
            77.123728,
            28.653104
          ],
          [
            77.123739,
            28.653488
          ],
          [
            77.123896,
            28.654147
          ],
          [
            77.124117,
            28.65469
          ],
          [
            77.124486,
            28.655234
          ],
          [
            77.124965,
            28.655714
          ],
          [
            77.12619,
            28.656829
          ],
          [
            77.126735,
            28.657427
          ],
          [
            77.12723,
            28.658081
          ],
          [
            77.127521,
            28.658539
          ],
          [
            77.127768,
            28.658993
          ],
          [
            77.129103,
            28.66191
          ],
          [
            77.129475,
            28.662502
          ],
          [
            77.129978,
            28.66307
          ],
          [
            77.131292,
            28.664249
          ],
          [
            77.133685,
            28.666298
          ],
          [
            77.136002,
            28.668247
          ],
          [
            77.137674,
            28.669594
          ],
          [
            77.138224,
            28.670261
          ],
          [
            77.138458,
            28.670656
          ],
          [
            77.138639,
            28.671059
          ],
          [
            77.138773,
            28.671456
          ],
          [
            77.138911,
            28.671931
          ],
          [
            77.139165,
            28.672777
          ],
          [
            77.139591,
            28.674362
          ],
          [
            77.139882,
            28.675217
          ],
          [
            77.140227,
            28.676033
          ],
          [
            77.14047,
            28.676629
          ],
          [
            77.140795,
            28.677525
          ],
          [
            77.141062,
            28.67829
          ],
          [
            77.141339,
            28.679085
          ],
          [
            77.141446,
            28.679373
          ],
          [
            77.141523,
            28.679552
          ],
          [
            77.141571,
            28.679643
          ],
          [
            77.141625,
            28.679738
          ],
          [
            77.141698,
            28.679854
          ],
          [
            77.141782,
            28.67998
          ],
          [
            77.141855,
            28.680079
          ],
          [
            77.141963,
            28.680215
          ],
          [
            77.142062,
            28.680329
          ],
          [
            77.142146,
            28.680417
          ],
          [
            77.142308,
            28.680571
          ],
          [
            77.142472,
            28.680705
          ],
          [
            77.142684,
            28.680862
          ],
          [
            77.143065,
            28.681122
          ],
          [
            77.143293,
            28.68128
          ],
          [
            77.143476,
            28.681415
          ],
          [
            77.144322,
            28.682091
          ],
          [
            77.145258,
            28.682859
          ],
          [
            77.145645,
            28.68316
          ],
          [
            77.14586,
            28.683326
          ],
          [
            77.146084,
            28.683487
          ],
          [
            77.147485,
            28.684424
          ],
          [
            77.147931,
            28.684767
          ],
          [
            77.148011,
            28.684828
          ],
          [
            77.148757,
            28.685396
          ],
          [
            77.149005,
            28.685582
          ],
          [
            77.149246,
            28.685755
          ],
          [
            77.149475,
            28.68591
          ],
          [
            77.149769,
            28.686096
          ],
          [
            77.150041,
            28.686253
          ],
          [
            77.150708,
            28.686639
          ],
          [
            77.150906,
            28.68676
          ],
          [
            77.151259,
            28.686994
          ],
          [
            77.151559,
            28.687198
          ],
          [
            77.15169,
            28.687299
          ],
          [
            77.151816,
            28.687409
          ],
          [
            77.151957,
            28.687553
          ],
          [
            77.152109,
            28.687729
          ],
          [
            77.152251,
            28.687936
          ],
          [
            77.152349,
            28.688107
          ],
          [
            77.152421,
            28.688268
          ],
          [
            77.152478,
            28.688431
          ],
          [
            77.152531,
            28.688633
          ],
          [
            77.152593,
            28.688957
          ],
          [
            77.152819,
            28.690073
          ],
          [
            77.153167,
            28.69201
          ],
          [
            77.154236,
            28.694723
          ],
          [
            77.15503,
            28.696775
          ],
          [
            77.156263,
            28.699049
          ],
          [
            77.157096,
            28.699806
          ],
          [
            77.157345,
            28.700004
          ],
          [
            77.157657,
            28.700122
          ],
          [
            77.161474,
            28.700795
          ],
          [
            77.164557,
            28.701667
          ],
          [
            77.165429,
            28.701988
          ],
          [
            77.166675,
            28.702409
          ],
          [
            77.168221,
            28.702874
          ],
          [
            77.169733,
            28.703093
          ],
          [
            77.172126,
            28.703194
          ],
          [
            77.17439,
            28.702987
          ],
          [
            77.176512,
            28.703205
          ],
          [
            77.178639,
            28.703711
          ],
          [
            77.180756,
            28.704747
          ],
          [
            77.181944,
            28.705818
          ],
          [
            77.183045,
            28.706823
          ],
          [
            77.183389,
            28.708184
          ],
          [
            77.183066,
            28.709542
          ],
          [
            77.182476,
            28.710156
          ],
          [
            77.180599,
            28.711578
          ],
          [
            77.180323,
            28.712052
          ],
          [
            77.1803,
            28.712334
          ],
          [
            77.180222,
            28.712699
          ],
          [
            77.18024,
            28.713157
          ],
          [
            77.180342,
            28.714301
          ],
          [
            77.180457,
            28.715423
          ],
          [
            77.180671,
            28.716006
          ],
          [
            77.180913,
            28.71647
          ],
          [
            77.18125,
            28.717081
          ],
          [
            77.181344,
            28.717267
          ],
          [
            77.181401,
            28.717407
          ],
          [
            77.181483,
            28.717758
          ],
          [
            77.181532,
            28.718115
          ],
          [
            77.181565,
            28.718693
          ],
          [
            77.18163,
            28.720208
          ],
          [
            77.181661,
            28.720948
          ],
          [
            77.181667,
            28.721108
          ],
          [
            77.181663,
            28.721396
          ],
          [
            77.181664,
            28.722011
          ],
          [
            77.181663,
            28.722283
          ],
          [
            77.181673,
            28.722541
          ],
          [
            77.181693,
            28.722846
          ],
          [
            77.181817,
            28.724605
          ],
          [
            77.181871,
            28.725462
          ],
          [
            77.181878,
            28.725621
          ],
          [
            77.1819,
            28.72583
          ],
          [
            77.181937,
            28.726041
          ],
          [
            77.182014,
            28.726447
          ],
          [
            77.182044,
            28.726645
          ],
          [
            77.182202,
            28.727426
          ],
          [
            77.182235,
            28.727614
          ],
          [
            77.182267,
            28.72792
          ],
          [
            77.182299,
            28.728518
          ],
          [
            77.18232,
            28.728856
          ],
          [
            77.182333,
            28.728982
          ],
          [
            77.182353,
            28.729108
          ],
          [
            77.182384,
            28.729251
          ],
          [
            77.182422,
            28.729385
          ],
          [
            77.182474,
            28.729528
          ],
          [
            77.182524,
            28.729649
          ],
          [
            77.182585,
            28.729773
          ],
          [
            77.182659,
            28.729901
          ],
          [
            77.18273,
            28.730016
          ],
          [
            77.182777,
            28.730085
          ],
          [
            77.182846,
            28.730182
          ],
          [
            77.182919,
            28.730273
          ],
          [
            77.183014,
            28.73038
          ],
          [
            77.183137,
            28.730504
          ],
          [
            77.183259,
            28.730605
          ],
          [
            77.183375,
            28.730698
          ],
          [
            77.183484,
            28.730778
          ],
          [
            77.183678,
            28.730897
          ],
          [
            77.183852,
            28.730992
          ],
          [
            77.183989,
            28.731052
          ],
          [
            77.184133,
            28.731106
          ],
          [
            77.18444,
            28.731197
          ],
          [
            77.184731,
            28.731244
          ],
          [
            77.184991,
            28.731253
          ],
          [
            77.185236,
            28.731237
          ],
          [
            77.185515,
            28.731186
          ],
          [
            77.186537,
            28.730928
          ],
          [
            77.187355,
            28.730711
          ],
          [
            77.1879,
            28.730563
          ],
          [
            77.191687,
            28.729639
          ],
          [
            77.19192,
            28.729587
          ],
          [
            77.192119,
            28.729559
          ],
          [
            77.192291,
            28.729545
          ],
          [
            77.192443,
            28.729537
          ],
          [
            77.192588,
            28.729535
          ],
          [
            77.19291,
            28.729547
          ],
          [
            77.193184,
            28.729573
          ],
          [
            77.193433,
            28.72962
          ],
          [
            77.19365,
            28.729676
          ],
          [
            77.193884,
            28.729763
          ],
          [
            77.194136,
            28.729867
          ],
          [
            77.19442,
            28.729984
          ],
          [
            77.194758,
            28.730107
          ],
          [
            77.195257,
            28.730278
          ],
          [
            77.195445,
            28.73033
          ],
          [
            77.195611,
            28.73037
          ],
          [
            77.195812,
            28.730401
          ],
          [
            77.196172,
            28.730429
          ],
          [
            77.196545,
            28.730422
          ],
          [
            77.196735,
            28.730403
          ],
          [
            77.197188,
            28.730318
          ],
          [
            77.197749,
            28.730205
          ],
          [
            77.198478,
            28.730064
          ],
          [
            77.199837,
            28.729798
          ],
          [
            77.200302,
            28.729707
          ],
          [
            77.200817,
            28.729601
          ],
          [
            77.201365,
            28.72946
          ],
          [
            77.20192,
            28.729286
          ],
          [
            77.20244,
            28.729091
          ],
          [
            77.202974,
            28.728872
          ],
          [
            77.207654,
            28.726981
          ],
          [
            77.208183,
            28.726786
          ],
          [
            77.209038,
            28.726494
          ],
          [
            77.213683,
            28.724905
          ],
          [
            77.216678,
            28.723881
          ],
          [
            77.217798,
            28.723528
          ],
          [
            77.221821,
            28.722143
          ],
          [
            77.222344,
            28.721958
          ],
          [
            77.222857,
            28.721739
          ],
          [
            77.223355,
            28.72148
          ],
          [
            77.223944,
            28.721169
          ],
          [
            77.224874,
            28.720677
          ],
          [
            77.225365,
            28.720383
          ],
          [
            77.225796,
            28.720061
          ],
          [
            77.226447,
            28.719555
          ],
          [
            77.227048,
            28.719037
          ],
          [
            77.227223,
            28.718809
          ],
          [
            77.22777,
            28.717859
          ],
          [
            77.227873,
            28.717556
          ],
          [
            77.227929,
            28.71728
          ],
          [
            77.227965,
            28.716887
          ],
          [
            77.227936,
            28.716631
          ],
          [
            77.227844,
            28.716244
          ],
          [
            77.227617,
            28.715522
          ],
          [
            77.227535,
            28.715268
          ],
          [
            77.227094,
            28.713572
          ],
          [
            77.226996,
            28.713196
          ],
          [
            77.226921,
            28.712746
          ],
          [
            77.226879,
            28.712304
          ],
          [
            77.226895,
            28.712078
          ],
          [
            77.227005,
            28.711619
          ],
          [
            77.227338,
            28.710717
          ],
          [
            77.22752,
            28.710282
          ],
          [
            77.227534,
            28.710249
          ],
          [
            77.227717,
            28.709813
          ],
          [
            77.228025,
            28.709214
          ],
          [
            77.228391,
            28.708832
          ],
          [
            77.228919,
            28.708567
          ],
          [
            77.230251,
            28.708355
          ],
          [
            77.232464,
            28.707867
          ],
          [
            77.233244,
            28.707676
          ],
          [
            77.235484,
            28.70714
          ],
          [
            77.236244,
            28.706965
          ],
          [
            77.23673,
            28.706943
          ],
          [
            77.237158,
            28.707026
          ],
          [
            77.237712,
            28.707246
          ],
          [
            77.237982,
            28.707412
          ],
          [
            77.238259,
            28.707643
          ],
          [
            77.238874,
            28.708402
          ],
          [
            77.239165,
            28.70871
          ],
          [
            77.239469,
            28.708917
          ],
          [
            77.239868,
            28.70906
          ],
          [
            77.240328,
            28.709131
          ],
          [
            77.240798,
            28.709144
          ],
          [
            77.241309,
            28.709105
          ],
          [
            77.242523,
            28.708759
          ],
          [
            77.244328,
            28.708244
          ],
          [
            77.245954,
            28.707797
          ],
          [
            77.247584,
            28.70731
          ],
          [
            77.253636,
            28.705486
          ],
          [
            77.254483,
            28.70522
          ],
          [
            77.254836,
            28.705109
          ],
          [
            77.255873,
            28.704829
          ],
          [
            77.257134,
            28.704551
          ],
          [
            77.258391,
            28.704173
          ],
          [
            77.258879,
            28.704045
          ],
          [
            77.260495,
            28.703752
          ],
          [
            77.262644,
            28.70362
          ],
          [
            77.263128,
            28.70359
          ],
          [
            77.265879,
            28.703371
          ],
          [
            77.268652,
            28.703137
          ],
          [
            77.270786,
            28.70295
          ],
          [
            77.275917,
            28.702528
          ],
          [
            77.277308,
            28.7024
          ],
          [
            77.278635,
            28.702279
          ],
          [
            77.280288,
            28.702275
          ],
          [
            77.280971,
            28.702259
          ],
          [
            77.281304,
            28.702322
          ],
          [
            77.28177,
            28.702372
          ],
          [
            77.282027,
            28.702376
          ],
          [
            77.282308,
            28.702369
          ],
          [
            77.282613,
            28.70233
          ],
          [
            77.283217,
            28.702153
          ],
          [
            77.283543,
            28.701989
          ],
          [
            77.283891,
            28.701667
          ],
          [
            77.284066,
            28.701359
          ],
          [
            77.284171,
            28.700861
          ],
          [
            77.284167,
            28.700409
          ],
          [
            77.284083,
            28.700047
          ],
          [
            77.283895,
            28.699671
          ],
          [
            77.283497,
            28.699129
          ],
          [
            77.283059,
            28.698795
          ],
          [
            77.282624,
            28.698242
          ],
          [
            77.281312,
            28.695743
          ],
          [
            77.281097,
            28.695317
          ],
          [
            77.280935,
            28.695011
          ],
          [
            77.280804,
            28.694747
          ],
          [
            77.280627,
            28.694342
          ],
          [
            77.280505,
            28.694081
          ],
          [
            77.280331,
            28.693753
          ],
          [
            77.280131,
            28.693369
          ],
          [
            77.279824,
            28.692779
          ],
          [
            77.279527,
            28.692149
          ],
          [
            77.279174,
            28.691399
          ],
          [
            77.279094,
            28.691202
          ],
          [
            77.278968,
            28.690907
          ],
          [
            77.27887,
            28.690708
          ],
          [
            77.27863,
            28.690203
          ]
        ]
      }
    },
    {
      "type": "Feature",
      "properties": {
        "id": "magenta-line",
        "name": "Magenta Line",
        "color": "#D6007F"
      },
      "geometry": {
        "type": "LineString",
        "coordinates": [
          [
            77.333862,
            28.56392
          ],
          [
            77.33431,
            28.56333
          ],
          [
            77.334386,
            28.563225
          ],
          [
            77.334941,
            28.562454
          ],
          [
            77.335064,
            28.562249
          ],
          [
            77.335169,
            28.562023
          ],
          [
            77.335275,
            28.561697
          ],
          [
            77.335302,
            28.561542
          ],
          [
            77.335327,
            28.561331
          ],
          [
            77.335264,
            28.560875
          ],
          [
            77.335125,
            28.560392
          ],
          [
            77.33484,
            28.559905
          ],
          [
            77.334448,
            28.559515
          ],
          [
            77.333771,
            28.559136
          ],
          [
            77.331134,
            28.558061
          ],
          [
            77.329419,
            28.557348
          ],
          [
            77.328181,
            28.556842
          ],
          [
            77.32759,
            28.556603
          ],
          [
            77.326928,
            28.556333
          ],
          [
            77.326359,
            28.556061
          ],
          [
            77.324954,
            28.555306
          ],
          [
            77.323531,
            28.554293
          ],
          [
            77.321614,
            28.552924
          ],
          [
            77.321004,
            28.552471
          ],
          [
            77.32061,
            28.552177
          ],
          [
            77.319658,
            28.551183
          ],
          [
            77.319346,
            28.550821
          ],
          [
            77.318541,
            28.550029
          ],
          [
            77.316443,
            28.548273
          ],
          [
            77.314328,
            28.546513
          ],
          [
            77.312982,
            28.545353
          ],
          [
            77.312227,
            28.544704
          ],
          [
            77.310131,
            28.542898
          ],
          [
            77.309425,
            28.542252
          ],
          [
            77.309147,
            28.541997
          ],
          [
            77.308522,
            28.541392
          ],
          [
            77.306567,
            28.539129
          ],
          [
            77.306056,
            28.538655
          ],
          [
            77.305603,
            28.538372
          ],
          [
            77.305045,
            28.538145
          ],
          [
            77.304635,
            28.538053
          ],
          [
            77.30421,
            28.538011
          ],
          [
            77.303776,
            28.538019
          ],
          [
            77.303244,
            28.538104
          ],
          [
            77.302712,
            28.538287
          ],
          [
            77.301783,
            28.538743
          ],
          [
            77.301118,
            28.539189
          ],
          [
            77.300492,
            28.539929
          ],
          [
            77.298994,
            28.54193
          ],
          [
            77.298799,
            28.542187
          ],
          [
            77.29866,
            28.542376
          ],
          [
            77.298491,
            28.542624
          ],
          [
            77.298316,
            28.542907
          ],
          [
            77.297963,
            28.543514
          ],
          [
            77.297099,
            28.545014
          ],
          [
            77.296635,
            28.545819
          ],
          [
            77.296602,
            28.545876
          ],
          [
            77.296185,
            28.546606
          ],
          [
            77.296096,
            28.546762
          ],
          [
            77.296014,
            28.546898
          ],
          [
            77.295365,
            28.548005
          ],
          [
            77.295155,
            28.548393
          ],
          [
            77.29504,
            28.548557
          ],
          [
            77.29414,
            28.550133
          ],
          [
            77.293629,
            28.551025
          ],
          [
            77.293539,
            28.551205
          ],
          [
            77.293427,
            28.551482
          ],
          [
            77.293386,
            28.551592
          ],
          [
            77.293319,
            28.55182
          ],
          [
            77.293126,
            28.55263
          ],
          [
            77.293033,
            28.553026
          ],
          [
            77.293002,
            28.55314
          ],
          [
            77.292951,
            28.553302
          ],
          [
            77.292873,
            28.553498
          ],
          [
            77.292599,
            28.55416
          ],
          [
            77.291934,
            28.555585
          ],
          [
            77.29161,
            28.556213
          ],
          [
            77.29141,
            28.556827
          ],
          [
            77.291322,
            28.557451
          ],
          [
            77.291339,
            28.558022
          ],
          [
            77.291461,
            28.558484
          ],
          [
            77.291647,
            28.559043
          ],
          [
            77.291759,
            28.559471
          ],
          [
            77.291809,
            28.559877
          ],
          [
            77.291848,
            28.561302
          ],
          [
            77.291867,
            28.561874
          ],
          [
            77.291928,
            28.562903
          ],
          [
            77.291786,
            28.563497
          ],
          [
            77.291462,
            28.564049
          ],
          [
            77.290951,
            28.564516
          ],
          [
            77.290422,
            28.564767
          ],
          [
            77.290061,
            28.564891
          ],
          [
            77.289624,
            28.564983
          ],
          [
            77.289163,
            28.56498
          ],
          [
            77.288714,
            28.564893
          ],
          [
            77.288282,
            28.564731
          ],
          [
            77.287922,
            28.564493
          ],
          [
            77.287263,
            28.564003
          ],
          [
            77.286828,
            28.563603
          ],
          [
            77.286359,
            28.563034
          ],
          [
            77.285753,
            28.562356
          ],
          [
            77.285547,
            28.562126
          ],
          [
            77.285156,
            28.56182
          ],
          [
            77.284528,
            28.561515
          ],
          [
            77.28384,
            28.561245
          ],
          [
            77.283771,
            28.561218
          ],
          [
            77.283165,
            28.561059
          ],
          [
            77.282625,
            28.56101
          ],
          [
            77.281511,
            28.561033
          ],
          [
            77.278459,
            28.560997
          ],
          [
            77.278058,
            28.560964
          ],
          [
            77.277692,
            28.560906
          ],
          [
            77.277436,
            28.560845
          ],
          [
            77.276917,
            28.560719
          ],
          [
            77.276446,
            28.560502
          ],
          [
            77.275837,
            28.560191
          ],
          [
            77.274969,
            28.559784
          ],
          [
            77.274107,
            28.559363
          ],
          [
            77.273455,
            28.559092
          ],
          [
            77.272664,
            28.558744
          ],
          [
            77.272019,
            28.558426
          ],
          [
            77.271638,
            28.558238
          ],
          [
            77.270679,
            28.557769
          ],
          [
            77.269915,
            28.55739
          ],
          [
            77.269469,
            28.557173
          ],
          [
            77.2674,
            28.556136
          ],
          [
            77.266247,
            28.555553
          ],
          [
            77.266033,
            28.555432
          ],
          [
            77.265852,
            28.555315
          ],
          [
            77.2656,
            28.555127
          ],
          [
            77.264837,
            28.554448
          ],
          [
            77.263874,
            28.55365
          ],
          [
            77.263426,
            28.553382
          ],
          [
            77.263096,
            28.553226
          ],
          [
            77.261725,
            28.552678
          ],
          [
            77.259451,
            28.551862
          ],
          [
            77.258249,
            28.551287
          ],
          [
            77.257672,
            28.550936
          ],
          [
            77.256681,
            28.550077
          ],
          [
            77.256382,
            28.549804
          ],
          [
            77.255604,
            28.549047
          ],
          [
            77.25491,
            28.548337
          ],
          [
            77.254665,
            28.548028
          ],
          [
            77.254575,
            28.54796
          ],
          [
            77.252945,
            28.54672
          ],
          [
            77.252464,
            28.54649
          ],
          [
            77.251518,
            28.546037
          ],
          [
            77.249354,
            28.545163
          ],
          [
            77.246134,
            28.544198
          ],
          [
            77.238464,
            28.541872
          ],
          [
            77.237229,
            28.54137
          ],
          [
            77.236172,
            28.540932
          ],
          [
            77.234322,
            28.540731
          ],
          [
            77.230291,
            28.541091
          ],
          [
            77.228931,
            28.541275
          ],
          [
            77.226597,
            28.541925
          ],
          [
            77.222546,
            28.542275
          ],
          [
            77.221092,
            28.542353
          ],
          [
            77.206214,
            28.543166
          ],
          [
            77.205019,
            28.543351
          ],
          [
            77.20392,
            28.543476
          ],
          [
            77.201735,
            28.544087
          ],
          [
            77.197963,
            28.545827
          ],
          [
            77.195851,
            28.546584
          ],
          [
            77.194515,
            28.547003
          ],
          [
            77.193109,
            28.547394
          ],
          [
            77.192349,
            28.547679
          ],
          [
            77.19001,
            28.548556
          ],
          [
            77.188456,
            28.54914
          ],
          [
            77.185505,
            28.550363
          ],
          [
            77.183987,
            28.551091
          ],
          [
            77.175041,
            28.556881
          ],
          [
            77.174323,
            28.557533
          ],
          [
            77.173765,
            28.55817
          ],
          [
            77.173023,
            28.558628
          ],
          [
            77.171985,
            28.558984
          ],
          [
            77.170302,
            28.558967
          ],
          [
            77.169144,
            28.558668
          ],
          [
            77.168318,
            28.558455
          ],
          [
            77.165863,
            28.557821
          ],
          [
            77.162597,
            28.557669
          ],
          [
            77.16109,
            28.557808
          ],
          [
            77.159645,
            28.557927
          ],
          [
            77.152951,
            28.558536
          ],
          [
            77.150291,
            28.558778
          ],
          [
            77.145339,
            28.55976
          ],
          [
            77.142853,
            28.560456
          ],
          [
            77.142649,
            28.560493
          ],
          [
            77.141886,
            28.560631
          ],
          [
            77.140929,
            28.560736
          ],
          [
            77.140254,
            28.560828
          ],
          [
            77.138656,
            28.561162
          ],
          [
            77.135639,
            28.561779
          ],
          [
            77.134476,
            28.56197
          ],
          [
            77.13336,
            28.561972
          ],
          [
            77.132491,
            28.561873
          ],
          [
            77.131711,
            28.561679
          ],
          [
            77.12881,
            28.560864
          ],
          [
            77.126182,
            28.560538
          ],
          [
            77.124605,
            28.560756
          ],
          [
            77.123758,
            28.561503
          ],
          [
            77.123277,
            28.562111
          ],
          [
            77.123075,
            28.562707
          ],
          [
            77.122621,
            28.56486
          ],
          [
            77.122066,
            28.567592
          ],
          [
            77.121874,
            28.568891
          ],
          [
            77.121991,
            28.569685
          ],
          [
            77.121944,
            28.57115
          ],
          [
            77.121549,
            28.573101
          ],
          [
            77.121304,
            28.573876
          ],
          [
            77.120857,
            28.5744
          ],
          [
            77.120025,
            28.574805
          ],
          [
            77.119195,
            28.57502
          ],
          [
            77.118415,
            28.575221
          ],
          [
            77.117764,
            28.57536
          ],
          [
            77.115451,
            28.575827
          ],
          [
            77.11426,
            28.576064
          ],
          [
            77.113478,
            28.576328
          ],
          [
            77.112124,
            28.57678
          ],
          [
            77.111125,
            28.57709
          ],
          [
            77.110355,
            28.577278
          ],
          [
            77.109485,
            28.577508
          ],
          [
            77.108565,
            28.577754
          ],
          [
            77.10722,
            28.578187
          ],
          [
            77.106119,
            28.578543
          ],
          [
            77.105376,
            28.578735
          ],
          [
            77.104904,
            28.578807
          ],
          [
            77.104311,
            28.578915
          ],
          [
            77.104052,
            28.578983
          ],
          [
            77.102546,
            28.579591
          ],
          [
            77.101432,
            28.57993
          ],
          [
            77.100252,
            28.580266
          ],
          [
            77.098757,
            28.58069
          ],
          [
            77.098164,
            28.580836
          ],
          [
            77.09704,
            28.581164
          ],
          [
            77.093418,
            28.582807
          ],
          [
            77.089017,
            28.585029
          ],
          [
            77.084422,
            28.587354
          ],
          [
            77.083584,
            28.588149
          ],
          [
            77.083049,
            28.58891
          ],
          [
            77.082344,
            28.589889
          ],
          [
            77.081696,
            28.590892
          ],
          [
            77.081489,
            28.591938
          ],
          [
            77.081092,
            28.595866
          ],
          [
            77.082092,
            28.600623
          ],
          [
            77.082356,
            28.601875
          ],
          [
            77.082583,
            28.602817
          ],
          [
            77.08379,
            28.610823
          ],
          [
            77.084205,
            28.613577
          ],
          [
            77.084315,
            28.613822
          ],
          [
            77.085178,
            28.615756
          ],
          [
            77.085443,
            28.616533
          ],
          [
            77.08564,
            28.617381
          ],
          [
            77.085162,
            28.618795
          ],
          [
            77.084217,
            28.620255
          ],
          [
            77.083032,
            28.622038
          ],
          [
            77.07958,
            28.625586
          ],
          [
            77.077924,
            28.62895
          ],
          [
            77.077814,
            28.629169
          ],
          [
            77.077396,
            28.63052
          ],
          [
            77.077192,
            28.631862
          ],
          [
            77.077278,
            28.63286
          ],
          [
            77.077709,
            28.633561
          ],
          [
            77.078883,
            28.635057
          ],
          [
            77.07937,
            28.635713
          ],
          [
            77.079936,
            28.636343
          ],
          [
            77.08041,
            28.636866
          ],
          [
            77.080675,
            28.63724
          ],
          [
            77.080962,
            28.637982
          ],
          [
            77.081432,
            28.639289
          ],
          [
            77.082971,
            28.643562
          ],
          [
            77.083825,
            28.646248
          ],
          [
            77.08431,
            28.647802
          ]
        ]
      }
    },
    {
      "type": "Feature",
      "properties": {
        "id": "grey-line",
        "name": "Grey Line",
        "color": "#808080"
      },
      "geometry": {
        "type": "LineString",
        "coordinates": [
          [
            77.022366,
            28.615913
          ],
          [
            77.022381,
            28.61621
          ],
          [
            77.022381,
            28.616809
          ],
          [
            77.022362,
            28.617158
          ],
          [
            77.022397,
            28.617984
          ],
          [
            77.022399,
            28.618251
          ],
          [
            77.022382,
            28.618419
          ],
          [
            77.022313,
            28.618698
          ],
          [
            77.022234,
            28.618942
          ],
          [
            77.022115,
            28.619196
          ],
          [
            77.021968,
            28.619448
          ],
          [
            77.021752,
            28.619709
          ],
          [
            77.021377,
            28.620023
          ],
          [
            77.020949,
            28.620255
          ],
          [
            77.020769,
            28.620333
          ],
          [
            77.020308,
            28.620479
          ],
          [
            77.019804,
            28.620526
          ],
          [
            77.019224,
            28.620495
          ],
          [
            77.018723,
            28.620381
          ],
          [
            77.018295,
            28.620187
          ],
          [
            77.017775,
            28.619935
          ],
          [
            77.017195,
            28.61968
          ],
          [
            77.016578,
            28.619459
          ],
          [
            77.013907,
            28.618474
          ],
          [
            77.010452,
            28.617278
          ],
          [
            77.007432,
            28.616228
          ],
          [
            77.006118,
            28.615783
          ],
          [
            77.005345,
            28.61547
          ],
          [
            77.00465,
            28.615108
          ],
          [
            77.003656,
            28.614602
          ],
          [
            77.003075,
            28.614289
          ],
          [
            77.002699,
            28.614142
          ],
          [
            77.002366,
            28.614044
          ],
          [
            77.001655,
            28.61382
          ],
          [
            77.000661,
            28.613497
          ],
          [
            76.999677,
            28.6133
          ],
          [
            76.998282,
            28.6132
          ],
          [
            76.994845,
            28.61255
          ],
          [
            76.992233,
            28.612311
          ],
          [
            76.990553,
            28.612218
          ],
          [
            76.986563,
            28.612426
          ],
          [
            76.985937,
            28.612383
          ],
          [
            76.97861,
            28.611887
          ],
          [
            76.97855,
            28.611883
          ]
        ]
      }
    },
    {
      "type": "Feature",
      "properties": {
        "id": "airport-express",
        "name": "Airport Express",
        "color": "#F7941D"
      },
      "geometry": {
        "type": "LineString",
        "coordinates": [
          [
            77.223133,
            28.642471
          ],
          [
            77.215902,
            28.631522
          ],
          [
            77.215511,
            28.631032
          ],
          [
            77.21468,
            28.630387
          ],
          [
            77.211331,
            28.62888
          ],
          [
            77.208382,
            28.627558
          ],
          [
            77.207569,
            28.627194
          ],
          [
            77.206717,
            28.626812
          ],
          [
            77.194445,
            28.621314
          ],
          [
            77.181631,
            28.615741
          ],
          [
            77.178262,
            28.614218
          ],
          [
            77.175813,
            28.61274
          ],
          [
            77.17413,
            28.611399
          ],
          [
            77.173531,
            28.610622
          ],
          [
            77.172557,
            28.609456
          ],
          [
            77.172106,
            28.608806
          ],
          [
            77.171714,
            28.608084
          ],
          [
            77.171517,
            28.607679
          ],
          [
            77.171113,
            28.606491
          ],
          [
            77.171024,
            28.60623
          ],
          [
            77.170764,
            28.60559
          ],
          [
            77.170026,
            28.604222
          ],
          [
            77.169304,
            28.603004
          ],
          [
            77.167749,
            28.600433
          ],
          [
            77.167503,
            28.600019
          ],
          [
            77.167329,
            28.599612
          ],
          [
            77.167183,
            28.599213
          ],
          [
            77.16696,
            28.598416
          ],
          [
            77.166672,
            28.597144
          ],
          [
            77.166532,
            28.596516
          ],
          [
            77.16639,
            28.595946
          ],
          [
            77.166231,
            28.595562
          ],
          [
            77.166043,
            28.595171
          ],
          [
            77.165628,
            28.594496
          ],
          [
            77.165058,
            28.593836
          ],
          [
            77.164737,
            28.593524
          ],
          [
            77.164417,
            28.593267
          ],
          [
            77.16401,
            28.592978
          ],
          [
            77.163629,
            28.592738
          ],
          [
            77.163137,
            28.592479
          ],
          [
            77.161702,
            28.591879
          ],
          [
            77.160673,
            28.591461
          ],
          [
            77.160199,
            28.591263
          ],
          [
            77.159461,
            28.590958
          ],
          [
            77.159081,
            28.59081
          ],
          [
            77.158632,
            28.59066
          ],
          [
            77.157398,
            28.590262
          ],
          [
            77.156915,
            28.590116
          ],
          [
            77.156573,
            28.590009
          ],
          [
            77.156153,
            28.589855
          ],
          [
            77.155743,
            28.589704
          ],
          [
            77.151686,
            28.588051
          ],
          [
            77.149699,
            28.587196
          ],
          [
            77.148748,
            28.586695
          ],
          [
            77.14791,
            28.58611
          ],
          [
            77.147439,
            28.585715
          ],
          [
            77.146985,
            28.585237
          ],
          [
            77.146592,
            28.584741
          ],
          [
            77.14622,
            28.584194
          ],
          [
            77.145907,
            28.583619
          ],
          [
            77.145625,
            28.582932
          ],
          [
            77.144968,
            28.580711
          ],
          [
            77.144266,
            28.578656
          ],
          [
            77.143991,
            28.577889
          ],
          [
            77.143624,
            28.577172
          ],
          [
            77.143415,
            28.576837
          ],
          [
            77.143141,
            28.576481
          ],
          [
            77.142793,
            28.576075
          ],
          [
            77.142317,
            28.575602
          ],
          [
            77.141771,
            28.575178
          ],
          [
            77.141102,
            28.574735
          ],
          [
            77.140347,
            28.574367
          ],
          [
            77.1395,
            28.574
          ],
          [
            77.138698,
            28.573633
          ],
          [
            77.137592,
            28.573025
          ],
          [
            77.136636,
            28.572378
          ],
          [
            77.135386,
            28.571576
          ],
          [
            77.134932,
            28.571246
          ],
          [
            77.134696,
            28.571047
          ],
          [
            77.134494,
            28.570856
          ],
          [
            77.134298,
            28.570661
          ],
          [
            77.13405,
            28.570395
          ],
          [
            77.133912,
            28.570236
          ],
          [
            77.133729,
            28.570021
          ],
          [
            77.133587,
            28.569836
          ],
          [
            77.133471,
            28.569678
          ],
          [
            77.133346,
            28.569486
          ],
          [
            77.133063,
            28.568996
          ],
          [
            77.132817,
            28.568484
          ],
          [
            77.132611,
            28.56794
          ],
          [
            77.132444,
            28.567303
          ],
          [
            77.132328,
            28.566656
          ],
          [
            77.132289,
            28.565994
          ],
          [
            77.13231,
            28.565382
          ],
          [
            77.132394,
            28.564711
          ],
          [
            77.132543,
            28.564062
          ],
          [
            77.13276,
            28.563397
          ],
          [
            77.133106,
            28.562087
          ],
          [
            77.133118,
            28.562016
          ],
          [
            77.133195,
            28.561582
          ],
          [
            77.133223,
            28.561258
          ],
          [
            77.133252,
            28.560927
          ],
          [
            77.133243,
            28.56016
          ],
          [
            77.133136,
            28.55939
          ],
          [
            77.132982,
            28.558843
          ],
          [
            77.131979,
            28.555748
          ],
          [
            77.131523,
            28.554571
          ],
          [
            77.131063,
            28.553694
          ],
          [
            77.130736,
            28.553219
          ],
          [
            77.130369,
            28.552831
          ],
          [
            77.128804,
            28.551191
          ],
          [
            77.127204,
            28.55015
          ],
          [
            77.125299,
            28.549316
          ],
          [
            77.12344,
            28.548873
          ],
          [
            77.122111,
            28.548699
          ],
          [
            77.120804,
            28.54876
          ],
          [
            77.119837,
            28.548907
          ],
          [
            77.100191,
            28.553427
          ],
          [
            77.08671,
            28.556424
          ],
          [
            77.081626,
            28.55755
          ],
          [
            77.076256,
            28.558519
          ],
          [
            77.071054,
            28.559103
          ],
          [
            77.069152,
            28.559026
          ],
          [
            77.067088,
            28.558728
          ],
          [
            77.065449,
            28.558182
          ],
          [
            77.063882,
            28.557316
          ],
          [
            77.062092,
            28.555703
          ],
          [
            77.060514,
            28.554055
          ],
          [
            77.058685,
            28.551815
          ],
          [
            77.057575,
            28.550456
          ],
          [
            77.056495,
            28.549129
          ],
          [
            77.056378,
            28.549015
          ],
          [
            77.056257,
            28.548909
          ],
          [
            77.055809,
            28.548605
          ],
          [
            77.054812,
            28.548174
          ],
          [
            77.054163,
            28.547962
          ],
          [
            77.053413,
            28.547807
          ],
          [
            77.052634,
            28.547702
          ],
          [
            77.052003,
            28.547663
          ],
          [
            77.051286,
            28.547696
          ],
          [
            77.05068,
            28.547792
          ],
          [
            77.050295,
            28.547885
          ],
          [
            77.049682,
            28.548073
          ],
          [
            77.049251,
            28.548245
          ],
          [
            77.048395,
            28.548668
          ],
          [
            77.047241,
            28.549498
          ],
          [
            77.045291,
            28.550807
          ]
        ]
      }
    },
    {
      "type": "Feature",
      "properties": {
        "id": "aqua-line",
        "name": "Aqua Line",
        "color": "#00B9F1"
      },
      "geometry": {
        "type": "LineString",
        "coordinates": [
          [
            77.375279,
            28.585725
          ],
          [
            77.375514,
            28.584991
          ],
          [
            77.375639,
            28.584591
          ],
          [
            77.375713,
            28.584368
          ],
          [
            77.375977,
            28.583577
          ],
          [
            77.376075,
            28.583329
          ],
          [
            77.376325,
            28.58282
          ],
          [
            77.376693,
            28.582112
          ],
          [
            77.376779,
            28.581928
          ],
          [
            77.37685,
            28.581722
          ],
          [
            77.377145,
            28.580668
          ],
          [
            77.377378,
            28.579747
          ],
          [
            77.377481,
            28.579224
          ],
          [
            77.377637,
            28.578536
          ],
          [
            77.378042,
            28.575862
          ],
          [
            77.378258,
            28.574361
          ],
          [
            77.378506,
            28.572836
          ],
          [
            77.378989,
            28.569966
          ],
          [
            77.379358,
            28.567544
          ],
          [
            77.379686,
            28.56534
          ],
          [
            77.37982,
            28.564563
          ],
          [
            77.379874,
            28.564129
          ],
          [
            77.380067,
            28.563506
          ],
          [
            77.380174,
            28.563298
          ],
          [
            77.380356,
            28.563013
          ],
          [
            77.380528,
            28.562749
          ],
          [
            77.380769,
            28.562397
          ],
          [
            77.381479,
            28.561342
          ],
          [
            77.382871,
            28.559236
          ],
          [
            77.383848,
            28.55776
          ],
          [
            77.38497,
            28.556068
          ],
          [
            77.385547,
            28.555199
          ],
          [
            77.385684,
            28.554978
          ],
          [
            77.385948,
            28.554571
          ],
          [
            77.386402,
            28.553872
          ],
          [
            77.38689,
            28.553338
          ],
          [
            77.387453,
            28.552809
          ],
          [
            77.388343,
            28.551979
          ],
          [
            77.388599,
            28.551708
          ],
          [
            77.388705,
            28.551574
          ],
          [
            77.388788,
            28.55146
          ],
          [
            77.388894,
            28.551297
          ],
          [
            77.388971,
            28.55116
          ],
          [
            77.38909,
            28.550937
          ],
          [
            77.389283,
            28.550561
          ],
          [
            77.389563,
            28.550049
          ],
          [
            77.389809,
            28.54961
          ],
          [
            77.389964,
            28.54931
          ],
          [
            77.390352,
            28.548542
          ],
          [
            77.390513,
            28.548185
          ],
          [
            77.390645,
            28.547863
          ],
          [
            77.390695,
            28.54773
          ],
          [
            77.390745,
            28.547585
          ],
          [
            77.390834,
            28.54731
          ],
          [
            77.390895,
            28.547109
          ],
          [
            77.391026,
            28.546603
          ],
          [
            77.391494,
            28.544966
          ],
          [
            77.391639,
            28.544486
          ],
          [
            77.391873,
            28.544031
          ],
          [
            77.392817,
            28.542462
          ],
          [
            77.393088,
            28.542111
          ],
          [
            77.394332,
            28.540784
          ],
          [
            77.394421,
            28.540624
          ],
          [
            77.39446,
            28.540438
          ],
          [
            77.394464,
            28.540235
          ],
          [
            77.394504,
            28.538271
          ],
          [
            77.394587,
            28.534136
          ],
          [
            77.394783,
            28.532416
          ],
          [
            77.39511,
            28.52964
          ],
          [
            77.395424,
            28.527218
          ],
          [
            77.395472,
            28.526852
          ],
          [
            77.395363,
            28.52647
          ],
          [
            77.395226,
            28.52603
          ],
          [
            77.394944,
            28.525303
          ],
          [
            77.394878,
            28.524342
          ],
          [
            77.395039,
            28.523898
          ],
          [
            77.395288,
            28.523511
          ],
          [
            77.395735,
            28.522973
          ],
          [
            77.396459,
            28.522295
          ],
          [
            77.397217,
            28.521551
          ],
          [
            77.397547,
            28.521199
          ],
          [
            77.397906,
            28.520644
          ],
          [
            77.398296,
            28.519992
          ],
          [
            77.398798,
            28.519143
          ],
          [
            77.399831,
            28.517183
          ],
          [
            77.400854,
            28.51518
          ],
          [
            77.401416,
            28.514062
          ],
          [
            77.401804,
            28.513422
          ],
          [
            77.402813,
            28.511962
          ],
          [
            77.403629,
            28.510788
          ],
          [
            77.405192,
            28.508544
          ],
          [
            77.406642,
            28.506527
          ],
          [
            77.408023,
            28.504543
          ],
          [
            77.408175,
            28.504272
          ],
          [
            77.408301,
            28.503979
          ],
          [
            77.408408,
            28.503616
          ],
          [
            77.408444,
            28.503321
          ],
          [
            77.408449,
            28.503055
          ],
          [
            77.408414,
            28.502488
          ],
          [
            77.408404,
            28.502248
          ],
          [
            77.408415,
            28.502009
          ],
          [
            77.408459,
            28.501729
          ],
          [
            77.408536,
            28.501473
          ],
          [
            77.408635,
            28.501247
          ],
          [
            77.408782,
            28.50101
          ],
          [
            77.408938,
            28.500822
          ],
          [
            77.409161,
            28.500602
          ],
          [
            77.409377,
            28.500441
          ],
          [
            77.409593,
            28.500317
          ],
          [
            77.409888,
            28.500181
          ],
          [
            77.410878,
            28.49979
          ],
          [
            77.412113,
            28.499315
          ],
          [
            77.412868,
            28.499014
          ],
          [
            77.413423,
            28.498793
          ],
          [
            77.415057,
            28.498133
          ],
          [
            77.415636,
            28.497887
          ],
          [
            77.416775,
            28.497367
          ],
          [
            77.419749,
            28.495986
          ],
          [
            77.420689,
            28.49544
          ],
          [
            77.421613,
            28.494842
          ],
          [
            77.422392,
            28.494281
          ],
          [
            77.424256,
            28.492784
          ],
          [
            77.427314,
            28.490328
          ],
          [
            77.428169,
            28.489724
          ],
          [
            77.430339,
            28.488211
          ],
          [
            77.432114,
            28.48698
          ],
          [
            77.433088,
            28.486313
          ],
          [
            77.43362,
            28.485908
          ],
          [
            77.433929,
            28.485662
          ],
          [
            77.435221,
            28.484623
          ],
          [
            77.436972,
            28.483388
          ],
          [
            77.43929,
            28.481709
          ],
          [
            77.439925,
            28.481233
          ],
          [
            77.440717,
            28.480556
          ],
          [
            77.442423,
            28.479022
          ],
          [
            77.443021,
            28.478485
          ],
          [
            77.444957,
            28.476747
          ],
          [
            77.445866,
            28.475901
          ],
          [
            77.446663,
            28.475111
          ],
          [
            77.448325,
            28.47346
          ],
          [
            77.448579,
            28.473188
          ],
          [
            77.448855,
            28.472882
          ],
          [
            77.449098,
            28.472595
          ],
          [
            77.449293,
            28.472363
          ],
          [
            77.449543,
            28.472079
          ],
          [
            77.449775,
            28.471836
          ],
          [
            77.450014,
            28.471619
          ],
          [
            77.450253,
            28.471452
          ],
          [
            77.450543,
            28.471267
          ],
          [
            77.45093,
            28.471079
          ],
          [
            77.451295,
            28.470948
          ],
          [
            77.452078,
            28.470703
          ],
          [
            77.452429,
            28.470585
          ],
          [
            77.452714,
            28.470468
          ],
          [
            77.452997,
            28.470308
          ],
          [
            77.454542,
            28.469302
          ],
          [
            77.455189,
            28.468875
          ],
          [
            77.4557,
            28.468546
          ],
          [
            77.457242,
            28.46751
          ],
          [
            77.457841,
            28.467096
          ],
          [
            77.458326,
            28.466734
          ],
          [
            77.459016,
            28.466135
          ],
          [
            77.459603,
            28.465511
          ],
          [
            77.460956,
            28.463997
          ],
          [
            77.461464,
            28.463502
          ],
          [
            77.46335,
            28.461901
          ],
          [
            77.464202,
            28.461192
          ],
          [
            77.464857,
            28.460585
          ],
          [
            77.465583,
            28.459917
          ],
          [
            77.466208,
            28.459342
          ],
          [
            77.466593,
            28.458985
          ],
          [
            77.467514,
            28.45813
          ],
          [
            77.468935,
            28.456939
          ],
          [
            77.469649,
            28.456317
          ],
          [
            77.470226,
            28.455789
          ],
          [
            77.470768,
            28.455262
          ],
          [
            77.471237,
            28.454784
          ],
          [
            77.471721,
            28.454283
          ],
          [
            77.472232,
            28.453713
          ],
          [
            77.472902,
            28.452812
          ],
          [
            77.473522,
            28.452102
          ],
          [
            77.474472,
            28.450949
          ],
          [
            77.475064,
            28.450162
          ],
          [
            77.476623,
            28.448079
          ],
          [
            77.477465,
            28.446924
          ],
          [
            77.477827,
            28.446494
          ],
          [
            77.478402,
            28.445945
          ],
          [
            77.479059,
            28.445495
          ],
          [
            77.479544,
            28.445231
          ],
          [
            77.47995,
            28.44507
          ],
          [
            77.480261,
            28.444959
          ],
          [
            77.480605,
            28.44485
          ],
          [
            77.480996,
            28.444761
          ],
          [
            77.481455,
            28.444686
          ],
          [
            77.481827,
            28.444649
          ],
          [
            77.482342,
            28.444636
          ],
          [
            77.482884,
            28.444671
          ],
          [
            77.483467,
            28.44475
          ],
          [
            77.48397,
            28.444864
          ],
          [
            77.484485,
            28.445035
          ],
          [
            77.484949,
            28.445232
          ],
          [
            77.485338,
            28.44543
          ],
          [
            77.485703,
            28.445652
          ],
          [
            77.487084,
            28.446638
          ],
          [
            77.488238,
            28.447494
          ],
          [
            77.490646,
            28.449496
          ],
          [
            77.4911,
            28.449941
          ],
          [
            77.491926,
            28.450794
          ],
          [
            77.49265,
            28.451468
          ],
          [
            77.493133,
            28.451845
          ],
          [
            77.493626,
            28.452223
          ],
          [
            77.494125,
            28.452583
          ],
          [
            77.495418,
            28.453423
          ],
          [
            77.497668,
            28.455198
          ],
          [
            77.499546,
            28.456491
          ],
          [
            77.500298,
            28.457073
          ],
          [
            77.502223,
            28.458565
          ],
          [
            77.505217,
            28.460886
          ],
          [
            77.507056,
            28.462398
          ],
          [
            77.508335,
            28.463414
          ],
          [
            77.509253,
            28.464107
          ],
          [
            77.509727,
            28.464485
          ],
          [
            77.509945,
            28.46469
          ],
          [
            77.510111,
            28.464898
          ],
          [
            77.510209,
            28.465067
          ],
          [
            77.510288,
            28.465243
          ],
          [
            77.510331,
            28.465391
          ],
          [
            77.510361,
            28.465596
          ],
          [
            77.510368,
            28.465826
          ],
          [
            77.510347,
            28.466026
          ],
          [
            77.51028,
            28.466244
          ],
          [
            77.510141,
            28.466511
          ],
          [
            77.509987,
            28.466707
          ],
          [
            77.509578,
            28.467184
          ],
          [
            77.509442,
            28.467379
          ],
          [
            77.509315,
            28.467634
          ],
          [
            77.509264,
            28.467867
          ],
          [
            77.509236,
            28.468141
          ],
          [
            77.509248,
            28.468322
          ],
          [
            77.509284,
            28.468523
          ],
          [
            77.509367,
            28.468748
          ],
          [
            77.509431,
            28.468874
          ],
          [
            77.50951,
            28.468989
          ],
          [
            77.509586,
            28.469094
          ],
          [
            77.509674,
            28.469191
          ],
          [
            77.509843,
            28.469355
          ],
          [
            77.510044,
            28.469505
          ],
          [
            77.512708,
            28.47105
          ],
          [
            77.525693,
            28.478491
          ],
          [
            77.53648,
            28.484701
          ],
          [
            77.541284,
            28.487455
          ],
          [
            77.54398,
            28.48903
          ]
        ]
      }
    },
    {
      "type": "Feature",
      "properties": {
        "id": "rapid-metro",
        "name": "Rapid Metro Gurgaon",
        "color": "#E4002B"
      },
      "geometry": {
        "type": "LineString",
        "coordinates": [
          [
            77.105043,
            28.420102
          ],
          [
            77.105087,
            28.422424
          ],
          [
            77.105089,
            28.423299
          ],
          [
            77.105099,
            28.423712
          ],
          [
            77.105103,
            28.4239
          ],
          [
            77.105121,
            28.424671
          ],
          [
            77.105171,
            28.427353
          ],
          [
            77.105192,
            28.429178
          ],
          [
            77.105211,
            28.430138
          ],
          [
            77.105219,
            28.430573
          ],
          [
            77.105221,
            28.430823
          ],
          [
            77.105214,
            28.431048
          ],
          [
            77.105194,
            28.431288
          ],
          [
            77.105172,
            28.431465
          ],
          [
            77.105144,
            28.431645
          ],
          [
            77.105085,
            28.431937
          ],
          [
            77.105049,
            28.432074
          ],
          [
            77.10481,
            28.432964
          ],
          [
            77.103859,
            28.436382
          ],
          [
            77.103527,
            28.437499
          ],
          [
            77.102289,
            28.440841
          ],
          [
            77.101421,
            28.44316
          ],
          [
            77.101211,
            28.443752
          ],
          [
            77.10054,
            28.446043
          ],
          [
            77.100441,
            28.446379
          ],
          [
            77.10003,
            28.44777
          ],
          [
            77.098697,
            28.451606
          ],
          [
            77.098071,
            28.453399
          ],
          [
            77.097503,
            28.455385
          ],
          [
            77.097135,
            28.456694
          ],
          [
            77.096929,
            28.457423
          ],
          [
            77.096073,
            28.460264
          ],
          [
            77.09552,
            28.462145
          ],
          [
            77.095399,
            28.462643
          ],
          [
            77.095142,
            28.463591
          ],
          [
            77.094537,
            28.466848
          ],
          [
            77.094092,
            28.469281
          ],
          [
            77.094001,
            28.469863
          ],
          [
            77.093938,
            28.47042
          ],
          [
            77.09393,
            28.470965
          ],
          [
            77.093937,
            28.471426
          ],
          [
            77.093922,
            28.472815
          ],
          [
            77.093807,
            28.478155
          ],
          [
            77.093835,
            28.478853
          ],
          [
            77.093941,
            28.479344
          ],
          [
            77.09426,
            28.480458
          ],
          [
            77.09442,
            28.480999
          ],
          [
            77.09462,
            28.481771
          ],
          [
            77.094698,
            28.482069
          ],
          [
            77.094827,
            28.482527
          ],
          [
            77.094859,
            28.482705
          ],
          [
            77.095071,
            28.484065
          ],
          [
            77.095214,
            28.485049
          ],
          [
            77.095231,
            28.485548
          ],
          [
            77.095206,
            28.485718
          ],
          [
            77.095134,
            28.485924
          ],
          [
            77.095043,
            28.486108
          ],
          [
            77.094923,
            28.486252
          ],
          [
            77.094706,
            28.486441
          ],
          [
            77.094398,
            28.486655
          ],
          [
            77.093246,
            28.487371
          ],
          [
            77.092972,
            28.487541
          ],
          [
            77.092482,
            28.487823
          ],
          [
            77.092192,
            28.487989
          ],
          [
            77.091795,
            28.488233
          ],
          [
            77.091371,
            28.488481
          ],
          [
            77.090526,
            28.489
          ],
          [
            77.089674,
            28.489555
          ],
          [
            77.088949,
            28.490006
          ],
          [
            77.088683,
            28.49026
          ],
          [
            77.088491,
            28.490536
          ],
          [
            77.088383,
            28.490745
          ],
          [
            77.088263,
            28.491166
          ],
          [
            77.088132,
            28.491702
          ],
          [
            77.087987,
            28.492367
          ],
          [
            77.087898,
            28.492665
          ],
          [
            77.087821,
            28.492846
          ],
          [
            77.087727,
            28.493007
          ],
          [
            77.087543,
            28.49325
          ],
          [
            77.08705,
            28.493837
          ],
          [
            77.086864,
            28.494122
          ],
          [
            77.086657,
            28.494492
          ],
          [
            77.086592,
            28.494697
          ],
          [
            77.086575,
            28.494855
          ],
          [
            77.086601,
            28.495135
          ],
          [
            77.086683,
            28.495407
          ],
          [
            77.086799,
            28.495606
          ],
          [
            77.087,
            28.495832
          ],
          [
            77.08916,
            28.498061
          ],
          [
            77.089579,
            28.498521
          ],
          [
            77.089623,
            28.498573
          ],
          [
            77.090578,
            28.499602
          ],
          [
            77.091248,
            28.500324
          ],
          [
            77.091944,
            28.501048
          ],
          [
            77.092141,
            28.501211
          ],
          [
            77.092354,
            28.501323
          ],
          [
            77.092403,
            28.501337
          ],
          [
            77.09264,
            28.501401
          ],
          [
            77.092899,
            28.501449
          ],
          [
            77.093267,
            28.501441
          ],
          [
            77.093505,
            28.501387
          ],
          [
            77.093806,
            28.501278
          ],
          [
            77.09395,
            28.50119
          ],
          [
            77.094631,
            28.500778
          ],
          [
            77.095413,
            28.500296
          ],
          [
            77.095729,
            28.500102
          ],
          [
            77.096159,
            28.499829
          ],
          [
            77.096418,
            28.499554
          ],
          [
            77.096476,
            28.499492
          ],
          [
            77.09655,
            28.499373
          ],
          [
            77.096632,
            28.499191
          ],
          [
            77.096687,
            28.49889
          ],
          [
            77.096663,
            28.498622
          ],
          [
            77.096578,
            28.49837
          ],
          [
            77.096403,
            28.498021
          ],
          [
            77.096156,
            28.497595
          ],
          [
            77.095654,
            28.496742
          ],
          [
            77.095448,
            28.496439
          ],
          [
            77.094916,
            28.495567
          ],
          [
            77.09393,
            28.493996
          ],
          [
            77.093661,
            28.493568
          ],
          [
            77.093385,
            28.493102
          ],
          [
            77.092909,
            28.492348
          ],
          [
            77.092003,
            28.490638
          ],
          [
            77.091672,
            28.490007
          ],
          [
            77.091562,
            28.489753
          ],
          [
            77.091539,
            28.489687
          ],
          [
            77.091491,
            28.489424
          ],
          [
            77.091476,
            28.489197
          ],
          [
            77.09153,
            28.488891
          ],
          [
            77.091638,
            28.488677
          ],
          [
            77.091747,
            28.488486
          ],
          [
            77.091924,
            28.488308
          ],
          [
            77.092226,
            28.488081
          ],
          [
            77.092537,
            28.487881
          ],
          [
            77.093006,
            28.48758
          ],
          [
            77.093279,
            28.487404
          ],
          [
            77.094414,
            28.486676
          ],
          [
            77.094737,
            28.486466
          ],
          [
            77.094964,
            28.486272
          ],
          [
            77.095084,
            28.486127
          ],
          [
            77.09518,
            28.485944
          ],
          [
            77.095252,
            28.485723
          ],
          [
            77.095281,
            28.48556
          ],
          [
            77.095258,
            28.485054
          ],
          [
            77.095256,
            28.485039
          ],
          [
            77.09511,
            28.484055
          ],
          [
            77.09488,
            28.482517
          ],
          [
            77.094749,
            28.482063
          ],
          [
            77.094454,
            28.480994
          ],
          [
            77.094305,
            28.480453
          ],
          [
            77.093986,
            28.47933
          ],
          [
            77.093874,
            28.478874
          ],
          [
            77.093857,
            28.478158
          ],
          [
            77.093953,
            28.472817
          ],
          [
            77.093985,
            28.471428
          ],
          [
            77.093982,
            28.470967
          ],
          [
            77.093979,
            28.470414
          ],
          [
            77.094054,
            28.469861
          ],
          [
            77.09415,
            28.469291
          ],
          [
            77.094588,
            28.466866
          ],
          [
            77.095207,
            28.463593
          ],
          [
            77.095437,
            28.462654
          ],
          [
            77.095566,
            28.462157
          ],
          [
            77.096135,
            28.460279
          ],
          [
            77.096735,
            28.458218
          ],
          [
            77.096976,
            28.457429
          ],
          [
            77.097184,
            28.456708
          ],
          [
            77.097545,
            28.455384
          ],
          [
            77.098116,
            28.453427
          ],
          [
            77.098745,
            28.451628
          ],
          [
            77.100075,
            28.447783
          ],
          [
            77.100485,
            28.446387
          ],
          [
            77.101248,
            28.443742
          ],
          [
            77.102347,
            28.440852
          ],
          [
            77.10275,
            28.439758
          ],
          [
            77.10278,
            28.439676
          ],
          [
            77.103574,
            28.437522
          ],
          [
            77.104855,
            28.432974
          ],
          [
            77.105087,
            28.432092
          ],
          [
            77.105123,
            28.431946
          ],
          [
            77.105184,
            28.431661
          ],
          [
            77.105217,
            28.431471
          ],
          [
            77.105237,
            28.431297
          ],
          [
            77.105254,
            28.431051
          ],
          [
            77.105263,
            28.430824
          ],
          [
            77.105258,
            28.430561
          ],
          [
            77.105252,
            28.430144
          ],
          [
            77.105239,
            28.429199
          ],
          [
            77.105212,
            28.427357
          ],
          [
            77.105163,
            28.424676
          ],
          [
            77.105159,
            28.424438
          ],
          [
            77.105148,
            28.42372
          ],
          [
            77.105138,
            28.423301
          ],
          [
            77.105128,
            28.422421
          ],
          [
            77.105119,
            28.421876
          ],
          [
            77.10509,
            28.420103
          ]
        ]
      }
    }
  ]
}